-- MySQL dump 10.13  Distrib 8.0.26, for Win64 (x86_64)
--
-- Host: 127.0.0.1    Database: db_comercio
-- ------------------------------------------------------
-- Server version	8.0.26

/*!40101 SET @OLD_CHARACTER_SET_CLIENT=@@CHARACTER_SET_CLIENT */;
/*!40101 SET @OLD_CHARACTER_SET_RESULTS=@@CHARACTER_SET_RESULTS */;
/*!40101 SET @OLD_COLLATION_CONNECTION=@@COLLATION_CONNECTION */;
/*!50503 SET NAMES utf8 */;
/*!40103 SET @OLD_TIME_ZONE=@@TIME_ZONE */;
/*!40103 SET TIME_ZONE='+00:00' */;
/*!40014 SET @OLD_UNIQUE_CHECKS=@@UNIQUE_CHECKS, UNIQUE_CHECKS=0 */;
/*!40014 SET @OLD_FOREIGN_KEY_CHECKS=@@FOREIGN_KEY_CHECKS, FOREIGN_KEY_CHECKS=0 */;
/*!40101 SET @OLD_SQL_MODE=@@SQL_MODE, SQL_MODE='NO_AUTO_VALUE_ON_ZERO' */;
/*!40111 SET @OLD_SQL_NOTES=@@SQL_NOTES, SQL_NOTES=0 */;

--
-- Table structure for table `bairro`
--

DROP TABLE IF EXISTS `bairro`;
/*!40101 SET @saved_cs_client     = @@character_set_client */;
/*!50503 SET character_set_client = utf8mb4 */;
CREATE TABLE `bairro` (
  `COD_BAIRRO` int NOT NULL AUTO_INCREMENT,
  `NME_BAIRRO` varchar(100) NOT NULL,
  `COD_MUNICIPIO` int DEFAULT NULL,
  PRIMARY KEY (`COD_BAIRRO`),
  KEY `FK_BAIRRO_MUNICIPIO_IDX` (`COD_MUNICIPIO`),
  KEY `IDX_BAIRRO` (`NME_BAIRRO`),
  CONSTRAINT `FK_BAIRRO_MUNICIPIO` FOREIGN KEY (`COD_MUNICIPIO`) REFERENCES `municipio` (`COD_MUNICIPIO`)
) ENGINE=InnoDB AUTO_INCREMENT=35195 DEFAULT CHARSET=latin1;
/*!40101 SET character_set_client = @saved_cs_client */;

--
-- Dumping data for table `bairro`
--

LOCK TABLES `bairro` WRITE;
/*!40000 ALTER TABLE `bairro` DISABLE KEYS */;
INSERT INTO `bairro` VALUES (17271,'Jardim Helena',3550308),(23026,'Vila Curuçá',3550308),(29808,'Itaim Paulista',3550308),(34517,'Vila Jacuís',3550308);
/*!40000 ALTER TABLE `bairro` ENABLE KEYS */;
UNLOCK TABLES;

--
-- Table structure for table `categoria`
--

DROP TABLE IF EXISTS `categoria`;
/*!40101 SET @saved_cs_client     = @@character_set_client */;
/*!50503 SET character_set_client = utf8mb4 */;
CREATE TABLE `categoria` (
  `COD_CATEGORIA` int NOT NULL AUTO_INCREMENT,
  `NME_CATEGORIA` varchar(100) NOT NULL,
  PRIMARY KEY (`COD_CATEGORIA`)
) ENGINE=InnoDB AUTO_INCREMENT=15 DEFAULT CHARSET=latin1;
/*!40101 SET character_set_client = @saved_cs_client */;

--
-- Dumping data for table `categoria`
--

LOCK TABLES `categoria` WRITE;
/*!40000 ALTER TABLE `categoria` DISABLE KEYS */;
INSERT INTO `categoria` VALUES (1,'Brinquedos'),(2,'Cosméticos'),(3,'Eletrônicos'),(4,'Mochilas'),(5,'Escolar'),(6,'Escritórioss'),(7,'Material infantil'),(8,'Acessórios'),(10,'Calçados'),(11,'Roupas'),(13,'chapéus');
/*!40000 ALTER TABLE `categoria` ENABLE KEYS */;
UNLOCK TABLES;

--
-- Table structure for table `endereco`
--

DROP TABLE IF EXISTS `endereco`;
/*!40101 SET @saved_cs_client     = @@character_set_client */;
/*!50503 SET character_set_client = utf8mb4 */;
CREATE TABLE `endereco` (
  `COD_ENDERECO` int NOT NULL,
  `DSC_COMPLEMENTO` varchar(255) DEFAULT NULL,
  `NRO_ENDERECO` int DEFAULT NULL,
  `DSC_PONTO_REFERENCIA` varchar(255) DEFAULT NULL,
  `COD_CEP` int DEFAULT NULL,
  `COD_PESSOA` int DEFAULT NULL,
  PRIMARY KEY (`COD_ENDERECO`),
  KEY `FK_ENDERECO_LOGRADOURO_idx` (`COD_CEP`),
  KEY `FK_ENDERECO_PESSOA_idx` (`COD_PESSOA`),
  CONSTRAINT `FK_ENDERECO_LOGRADOURO` FOREIGN KEY (`COD_CEP`) REFERENCES `logradouro` (`COD_CEP`),
  CONSTRAINT `FK_ENDERECO_PESSOA` FOREIGN KEY (`COD_PESSOA`) REFERENCES `pessoa` (`COD_PESSOA`)
) ENGINE=InnoDB DEFAULT CHARSET=utf8mb4 COLLATE=utf8mb4_0900_ai_ci;
/*!40101 SET character_set_client = @saved_cs_client */;

--
-- Dumping data for table `endereco`
--

LOCK TABLES `endereco` WRITE;
/*!40000 ALTER TABLE `endereco` DISABLE KEYS */;
/*!40000 ALTER TABLE `endereco` ENABLE KEYS */;
UNLOCK TABLES;

--
-- Table structure for table `estado`
--

DROP TABLE IF EXISTS `estado`;
/*!40101 SET @saved_cs_client     = @@character_set_client */;
/*!50503 SET character_set_client = utf8mb4 */;
CREATE TABLE `estado` (
  `COD_ESTADO` int NOT NULL AUTO_INCREMENT,
  `NME_ESTADO` varchar(100) NOT NULL,
  `SGL_UF` varchar(2) NOT NULL,
  PRIMARY KEY (`COD_ESTADO`)
) ENGINE=InnoDB AUTO_INCREMENT=55 DEFAULT CHARSET=latin1;
/*!40101 SET character_set_client = @saved_cs_client */;

--
-- Dumping data for table `estado`
--

LOCK TABLES `estado` WRITE;
/*!40000 ALTER TABLE `estado` DISABLE KEYS */;
INSERT INTO `estado` VALUES (11,'Rondônia','RO'),(12,'Acre','AC'),(13,'Amazonas','AM'),(14,'Roraima','RR'),(15,'PARÁ','pa'),(16,'Amapá','AP'),(17,'Tocantins','TO'),(21,'Maranhão','MA'),(22,'Piauí','PI'),(23,'Ceará','CE'),(24,'Rio Grande do Norte','RN'),(25,'Paraíba','PB'),(26,'Pernambuco','PE'),(27,'Alagoas','AL'),(28,'Sergipe','SE'),(29,'Bahia','BA'),(31,'Minas Gerais','MG'),(32,'Espírito Santo','ES'),(33,'Rio de Janeiro','RJ'),(35,'São Paulo','SP'),(41,'Paraná','PR'),(42,'Santa Catarina','SC'),(43,'Rio Grande do Sul','RS'),(50,'Mato Grosso do Sul','MS'),(51,'Mato Grosso','MT'),(52,'Goiás','GO'),(53,'Distrito Federal','DF');
/*!40000 ALTER TABLE `estado` ENABLE KEYS */;
UNLOCK TABLES;

--
-- Table structure for table `item_operacao`
--

DROP TABLE IF EXISTS `item_operacao`;
/*!40101 SET @saved_cs_client     = @@character_set_client */;
/*!50503 SET character_set_client = utf8mb4 */;
CREATE TABLE `item_operacao` (
  `COD_ITEM_OPERACAO` int NOT NULL AUTO_INCREMENT,
  `QTD_ITEM` float DEFAULT NULL,
  `VLR_ITEM` decimal(10,2) DEFAULT NULL,
  `COD_OPERACAO` int NOT NULL,
  `COD_PRODUTO` int NOT NULL,
  PRIMARY KEY (`COD_ITEM_OPERACAO`),
  KEY `FK_ITEM_COMPRA` (`COD_OPERACAO`),
  KEY `FK_ITEM_COMPRA_PRODUTO` (`COD_PRODUTO`),
  CONSTRAINT `FK_ITEM_COMPRA` FOREIGN KEY (`COD_OPERACAO`) REFERENCES `operacao` (`COD_OPERACAO`),
  CONSTRAINT `FK_ITEM_COMPRA_PRODUTO` FOREIGN KEY (`COD_PRODUTO`) REFERENCES `produto` (`COD_PRODUTO`)
) ENGINE=InnoDB AUTO_INCREMENT=116 DEFAULT CHARSET=latin1;
/*!40101 SET character_set_client = @saved_cs_client */;

--
-- Dumping data for table `item_operacao`
--

LOCK TABLES `item_operacao` WRITE;
/*!40000 ALTER TABLE `item_operacao` DISABLE KEYS */;
INSERT INTO `item_operacao` VALUES (19,5,20.00,6,216546521),(20,5,20.00,6,216546521),(21,5,20.00,6,216546521),(22,5,20.00,6,216546521),(23,5,20.00,6,216546521),(24,5,20.00,6,216546521),(25,5,20.00,6,216546521),(26,5,20.00,6,216546521),(27,5,20.00,6,216546521),(28,5,20.00,6,216546521),(29,5,20.00,6,216546521),(30,5,20.00,6,216546521),(31,5,20.00,6,216546521),(32,5,20.00,6,216546521),(33,5,20.00,6,216546521),(34,5,20.00,6,216546521),(35,5,20.00,6,216546521),(36,5,20.00,6,216546521),(37,5,20.00,6,216546521),(38,5,20.00,6,216546521),(39,5,20.00,6,216546521),(40,5,20.00,6,216546521),(41,5,20.00,6,216546521),(42,5,20.00,6,216546521),(43,5,20.00,6,216546521),(44,5,20.00,6,216546521),(45,5,20.00,6,216546521),(46,5,20.00,6,216546521),(48,5,20.00,6,216546521),(49,5,20.00,6,216546521),(50,5,20.00,6,216546521),(51,5,20.00,6,216546521),(52,5,20.00,6,216546521),(53,5,20.00,6,216546521),(54,10,20.00,6,216546521),(55,10,20.00,6,216546521),(56,10,20.00,6,216546521),(57,10,20.00,6,216546521),(58,10,20.00,6,216546521),(60,10,20.00,6,216546521),(61,10,20.00,6,216546521),(62,1,20.00,6,216546521),(63,1,20.00,6,216546521),(64,1,20.00,6,216546521),(65,1,20.00,6,216546521),(66,1,20.00,6,216546521),(67,1,20.00,6,216546521),(68,1,20.00,6,216546521),(69,1,20.00,6,216546521),(70,1,20.00,6,216546521),(71,1,20.00,6,216546521),(72,1,20.00,6,216546521),(73,1,20.00,6,216546521),(74,1,20.00,6,216546521),(75,1,20.00,6,216546521),(76,1,20.00,6,216546521),(77,1,20.00,6,216546521),(78,1,20.00,6,216546521),(79,1,20.00,6,216546521),(80,1,20.00,6,216546521),(81,3,20.00,6,216546521),(82,3,20.00,6,216546521),(83,3,20.00,6,216546521),(84,3,20.00,6,216546521),(85,4,20.00,16,216546521),(86,4,20.00,16,216546521),(87,4,20.00,16,216546521),(88,4,20.00,16,216546521),(89,4,20.00,16,216546521),(90,4,20.00,16,216546521),(91,4,20.00,16,216546521),(92,4,20.00,16,216546521),(93,4,20.00,16,216546521),(94,4,20.00,16,216546521),(95,4,20.00,16,216546521),(96,4,20.00,16,216546521),(97,4,20.00,16,216546521),(98,4,20.00,16,216546521),(99,4,20.00,16,216546521),(100,4,20.00,16,216546521),(101,4,20.00,16,216546521),(102,4,20.00,16,216546521),(103,4,20.00,16,216546521),(104,4,20.00,16,216546521),(105,4,20.00,16,216546521),(106,4,20.00,16,216546521),(107,4,20.00,16,216546521),(108,4,20.00,16,216546521),(109,4,20.00,16,216546521),(110,4,20.00,16,216546521),(111,4,20.00,16,216546521),(112,4,20.00,16,216546521),(113,4,20.00,16,216546521),(114,4,20.00,16,216546521),(115,4,20.00,16,216546521);
/*!40000 ALTER TABLE `item_operacao` ENABLE KEYS */;
UNLOCK TABLES;

--
-- Table structure for table `item_operacao_bkp`
--

DROP TABLE IF EXISTS `item_operacao_bkp`;
/*!40101 SET @saved_cs_client     = @@character_set_client */;
/*!50503 SET character_set_client = utf8mb4 */;
CREATE TABLE `item_operacao_bkp` (
  `COD_ITEM_OPERACAO` int NOT NULL DEFAULT '0',
  `QTD_ITEM` float DEFAULT NULL,
  `VLR_ITEM` decimal(10,2) DEFAULT NULL,
  `COD_OPERACAO` int NOT NULL,
  `COD_PRODUTO` int NOT NULL
) ENGINE=InnoDB DEFAULT CHARSET=utf8mb4 COLLATE=utf8mb4_0900_ai_ci;
/*!40101 SET character_set_client = @saved_cs_client */;

--
-- Dumping data for table `item_operacao_bkp`
--

LOCK TABLES `item_operacao_bkp` WRITE;
/*!40000 ALTER TABLE `item_operacao_bkp` DISABLE KEYS */;
INSERT INTO `item_operacao_bkp` VALUES (2,5,25.00,3,216546521),(5,5,20.00,6,216546521),(6,5,30.00,6,216546521),(7,5,35.00,6,216546521),(8,5,10.00,6,216546521),(9,5,17.00,6,216546521),(10,5,25.00,6,216546521),(11,5,25.00,6,216546521);
/*!40000 ALTER TABLE `item_operacao_bkp` ENABLE KEYS */;
UNLOCK TABLES;

--
-- Table structure for table `item_operacao_teste`
--

DROP TABLE IF EXISTS `item_operacao_teste`;
/*!40101 SET @saved_cs_client     = @@character_set_client */;
/*!50503 SET character_set_client = utf8mb4 */;
CREATE TABLE `item_operacao_teste` (
  `COD_ITEM_OPERACAO` int NOT NULL AUTO_INCREMENT,
  `QTD_ITEM` float DEFAULT NULL,
  `VLR_ITEM` decimal(10,2) DEFAULT NULL,
  `COD_OPERACAO` int NOT NULL,
  `COD_PRODUTO` int NOT NULL,
  PRIMARY KEY (`COD_ITEM_OPERACAO`),
  KEY `FK_ITEM_COMPRA2` (`COD_OPERACAO`),
  KEY `FK_ITEM_COMPRA_PRODUTO2` (`COD_PRODUTO`),
  CONSTRAINT `FK_ITEM_COMPRA2` FOREIGN KEY (`COD_OPERACAO`) REFERENCES `operacao` (`COD_OPERACAO`),
  CONSTRAINT `FK_ITEM_COMPRA_PRODUTO2` FOREIGN KEY (`COD_PRODUTO`) REFERENCES `produto` (`COD_PRODUTO`)
) ENGINE=InnoDB AUTO_INCREMENT=20 DEFAULT CHARSET=latin1;
/*!40101 SET character_set_client = @saved_cs_client */;

--
-- Dumping data for table `item_operacao_teste`
--

LOCK TABLES `item_operacao_teste` WRITE;
/*!40000 ALTER TABLE `item_operacao_teste` DISABLE KEYS */;
INSERT INTO `item_operacao_teste` VALUES (19,5,20.00,6,216546521);
/*!40000 ALTER TABLE `item_operacao_teste` ENABLE KEYS */;
UNLOCK TABLES;

--
-- Table structure for table `letras`
--

DROP TABLE IF EXISTS `letras`;
/*!40101 SET @saved_cs_client     = @@character_set_client */;
/*!50503 SET character_set_client = utf8mb4 */;
CREATE TABLE `letras` (
  `LETRA` varchar(1) DEFAULT NULL
) ENGINE=InnoDB DEFAULT CHARSET=utf8mb4 COLLATE=utf8mb4_0900_ai_ci;
/*!40101 SET character_set_client = @saved_cs_client */;

--
-- Dumping data for table `letras`
--

LOCK TABLES `letras` WRITE;
/*!40000 ALTER TABLE `letras` DISABLE KEYS */;
INSERT INTO `letras` VALUES ('a'),('b'),('c'),('d'),('e');
/*!40000 ALTER TABLE `letras` ENABLE KEYS */;
UNLOCK TABLES;

--
-- Table structure for table `logradouro`
--

DROP TABLE IF EXISTS `logradouro`;
/*!40101 SET @saved_cs_client     = @@character_set_client */;
/*!50503 SET character_set_client = utf8mb4 */;
CREATE TABLE `logradouro` (
  `COD_CEP` int NOT NULL AUTO_INCREMENT,
  `COD_BAIRRO` int NOT NULL,
  `DSC_LOGRADOURO` varchar(255) DEFAULT NULL,
  `DSC_COMPLEMENTO` varchar(255) DEFAULT NULL,
  PRIMARY KEY (`COD_CEP`,`COD_BAIRRO`),
  KEY `FK_BAIRRO_ENDERECO_IDX` (`COD_BAIRRO`),
  CONSTRAINT `FK_BAIRRO_ENDERECO` FOREIGN KEY (`COD_BAIRRO`) REFERENCES `bairro` (`COD_BAIRRO`)
) ENGINE=InnoDB AUTO_INCREMENT=19990971 DEFAULT CHARSET=latin1;
/*!40101 SET character_set_client = @saved_cs_client */;

--
-- Dumping data for table `logradouro`
--

LOCK TABLES `logradouro` WRITE;
/*!40000 ALTER TABLE `logradouro` DISABLE KEYS */;
INSERT INTO `logradouro` VALUES (3813370,34517,'Rua Rio Farias',''),(3827001,34517,'Avenida Doutor Assis Ribeiro - de 8864/8865 ao fim',''),(8030000,23026,'Avenida Coca',''),(8030010,23026,'Rua Mucunã',''),(8030020,23026,'Avenida Guabá',''),(8030040,23026,'Praça Francisco Pereira',''),(8030050,23026,'Rua Cembira - até 877/878',''),(8030060,23026,'Rua Joaquim Gil de Carvalho',''),(8030062,23026,'Viela Vô Francisco (Parque Industrial)',''),(8030070,23026,'Rua Ivoturucaia',''),(8030100,23026,'Rua Chacuru',''),(8030110,23026,'Rua Palanque',''),(8030120,23026,'Rua Capão Alto',''),(8030130,23026,'Rua Isabel Botelho',''),(8030150,23026,'Rua Jereba',''),(8030160,23026,'Praça Nereu Silva',''),(8030170,23026,'Rua Guarupu',''),(8030180,23026,'Avenida Cavoa',''),(8030190,23026,'Rua Grapirá',''),(8030195,23026,'Rua Reverendo Bolivar Bandeira',''),(8030200,23026,'Praça do Galeão',''),(8030210,23026,'Praça Brígida Amélia da Cruz',''),(8030220,23026,'Rua Guaracica',''),(8030230,23026,'Rua Ana Grou',''),(8030240,23026,'Rua Iririgo',''),(8030250,23026,'Rua Jacupema',''),(8030260,23026,'Rua Jaburu',''),(8030270,23026,'Rua Inúbia',''),(8030275,23026,'Rua Vittório Capellaro',''),(8030280,23026,'Rua Jaguaraba',''),(8030290,23026,'Rua Guirapa',''),(8030295,23026,'Travessa Alberto de Colônia',''),(8030300,23026,'Praça João de Figueiredo',''),(8030310,23026,'Rua Guaraitá',''),(8030320,23026,'Rua Gupeva',''),(8030330,23026,'Praça Jaguamitanga',''),(8030340,23026,'Rua Guaxima',''),(8030350,23026,'Rua João Maximiano Mafra',''),(8030360,23026,'Avenida dos Guachos',''),(8030370,23026,'Rua Guti',''),(8030380,23026,'Rua Moricoca',''),(8030400,23026,'Rua Ererê',''),(8030410,23026,'Rua Garopá',''),(8030420,23026,'Rua Gijoca',''),(8030430,23026,'Rua Guiraró',''),(8030440,23026,'Rua Luciano Guerra',''),(8030450,23026,'Rua Cupim',''),(8030460,23026,'Rua Jaguar',''),(8030470,23026,'Rua Donato Vessechi',''),(8030480,23026,'Rua Alfredo Clemente Filho',''),(8030490,23026,'Rua Carlos Gonzalez',''),(8030500,23026,'Avenida Pedro Meira',''),(8030510,23026,'Rua Diogo Oliver',''),(8030520,23026,'Rua Luís França',''),(8030530,23026,'Rua Isaías Gomes',''),(8030540,23026,'Rua Arsênio Guilherme',''),(8030550,23026,'Rua Mário Masini',''),(8030560,23026,'Rua Alice Dilon Braga',''),(8030570,23026,'Rua Higino Messa',''),(8030580,23026,'Rua Benedito Bueno',''),(8030600,23026,'Rua João de Mesquita',''),(8030610,23026,'Avenida Dama Entre Verdes',''),(8030620,23026,'Rua Lélia',''),(8030630,23026,'Rua Pimenteira',''),(8030640,23026,'Rua Jardineira',''),(8030650,23026,'Rua Lírio Branco',''),(8030651,23026,'Rua Particular 23 (Parque Industrial)',''),(8030652,23026,'Rua Particular 22 (Pq Industrial)',''),(8030653,23026,'Rua Particular 21 (Pq Industrial)',''),(8030654,23026,'Rua Particular 20 (Pq Industrial)',''),(8030655,23026,'Rua Particular 19 (Parque Industrial)',''),(8030656,23026,'Rua Particular 18 (Parque Industrial)',''),(8030657,23026,'Rua Particular 17 (Parque Industrial)',''),(8030658,23026,'Rua Particular 16 (Parque Industrial)',''),(8030660,23026,'Rua Rainha Margarida',''),(8030670,23026,'Rua Manguezais',''),(8030680,23026,'Rua Erva de S. Martinho',''),(8030700,23026,'Rua Juan de Salcedo',''),(8030710,23026,'Rua Frederico Bergius',''),(8030720,23026,'Rua Jorge Jones',''),(8030730,23026,'Rua Rui Barbosa Lima',''),(8030740,23026,'Rua José Cesarini',''),(8030750,23026,'Rua Botão de Prata',''),(8030760,23026,'Rua Raiz-Forte',''),(8030770,23026,'Rua Amélia Rodrigues',''),(8030790,23026,'Rua Aquiléia',''),(8030800,23026,'Rua Brincos de Princesa',''),(8030810,23026,'Rua Amarelinhas',''),(8031450,23026,'Rua Parreira-Brava',''),(8031451,23026,'Rua Particular C (Vila Curuça Velha)',''),(8031452,23026,'Rua Particular B (Vila Curuçá Velha)',''),(8031453,23026,'Rua Particular D (Vila Curuçá Velha)',''),(8031454,23026,'Rua Particular A (Vila Curuçá Velha)',''),(8031455,23026,'Rua Particular E (Vila Curuçá Velha)',''),(8031470,23026,'Rua Morro Tubiacanga',''),(8031480,23026,'Rua Morro da Conceição',''),(8031490,23026,'Rua Bacopá',''),(8031540,23026,'Rua Alexandrina Honória Rodrigues',''),(8031550,23026,'Travessa Mirrá',''),(8031560,23026,'Rua Georgina Diniz Braghiroli',''),(8031561,23026,'Rua Ferdinando Artaria (Vila Curuça Velha)',''),(8031562,23026,'Travessa Flor-Estrela (Vila Curuça Velha)',''),(8031563,23026,'Rua Antônio Rosselino (Vila Curuça Velha)',''),(8031565,23026,'Travessa Maria Antonieta Berny',''),(8031590,23026,'Rua Joaquim Leal',''),(8031595,23026,'Travessa Francisco Élio',''),(8031600,23026,'Rua Morro do Caieiro',''),(8031620,23026,'Rua Padre Eduardo Roberto',''),(8031630,23026,'Via de Pedestre Minotauro',''),(8031640,23026,'Rua Professora Abigail Bolsanelli',''),(8031650,23026,'Rua Ângelo Caldini',''),(8031660,23026,'Rua Trapoeraba',''),(8031700,23026,'Rua José Velucci',''),(8031760,23026,'Rua Benjamin Capusso',''),(8031765,23026,'Travessa Francisco de Paula Conceição Júnior',''),(8031768,23026,'Travessa José Gomes da Costa',''),(8031780,23026,'Rua Marcílio Rosseto',''),(8031790,23026,'Rua Angelino Guerino',''),(8031800,23026,'Rua Maria de Ágreda',''),(8031820,23026,'Rua Vera Corene',''),(8032004,23026,'Rua Luiz Bonadiez',''),(8032006,23026,'Travessa Luigi Marchesi',''),(8032010,23026,'Rua Cembira - de 879/880 ao fim',''),(8032015,23026,'Parque Chico Mendes',''),(8032565,23026,'Travessa Benedito Bandeira',''),(8050005,34517,'Rua Álamo (Jd Ruth)',''),(8050010,34517,'Rua das Amendoeiras (Jd Ruth)',''),(8050020,34517,'Rua Frésia (Jd Santana)',''),(8050030,34517,'Rua Folha de Santana (Jd S Maria)',''),(8050040,34517,'Rua Flor de Cachimbo (Jd S Maria)',''),(8050050,34517,'Rua Fruta-do-Paraíso (Jd S Maria)',''),(8050060,34517,'Rua Flor da Redenção (Jd S Maria)',''),(8050070,34517,'Rua Flor da Ressurreição (Jd S Maria)',''),(8050080,34517,'Rua Flor do Espírito Santo (Jd Santana)',''),(8050090,34517,'Rua Jasmim de Porcelana (Jd S Maria)',''),(8050093,34517,'Rua Flor da Aurora (Jd S Maria)',''),(8050095,34517,'Rua Flor do Olimpo (Jd S Maria)',''),(8050097,34517,'Rua Flor de Seda (Jd S Maria)',''),(8050099,34517,'Avenida Jacu-Pêssego (Nova Trabalhadores) - até 99998/99999',''),(8050100,34517,'Rua Fruta-de-Caiapó (Jd Santana)',''),(8050110,34517,'Rua Jacarandá do Campo (Jd Santana)',''),(8050120,34517,'Rua Dom Francisco de Campos Barreto (Jd S Maria)',''),(8050125,34517,'Rua Jatobarana (Jd S Maria)',''),(8050130,34517,'Rua Maria Santana - até 689/690',''),(8050135,34517,'Viela Santana',''),(8050137,34517,'Viela Lírios',''),(8050139,34517,'Viela Flores',''),(8050140,34517,'Rua Folha da Fonte (Jd S Maria)',''),(8050150,34517,'Rua Guamirim (Jd S Maria)',''),(8050155,34517,'Via de Pedestre Leonardo Rangel de Souza',''),(8050160,34517,'Rua Bernardo Castanhon (Jd S Maria)',''),(8050165,34517,'Rua Palmeira do Piauí (Vl Reis)',''),(8050170,34517,'Rua dos Kiris (Vl S Maria)',''),(8050175,34517,'Rua Tião Carreiro (Vl Reis)',''),(8050180,34517,'Rua Cafuz (Vl Reis)',''),(8050190,34517,'Rua Bryônia (Vl Reis)',''),(8050200,34517,'Rua Cairuçu (Vl Reis)',''),(8050210,34517,'Rua Sorgo',''),(8050220,34517,'Rua dos Cálamos (Vl Reis)',''),(8050221,34517,'Viela Servidão',''),(8050222,34517,'Viela Particular Servidão',''),(8050225,34517,'Rua do Ipê Amarelo (Jd S Maria)',''),(8050230,34517,'Rua Flor de Natal (Vl Reis)',''),(8050235,34517,'Rua das Arecas',''),(8060000,34517,'Avenida Tenente Laudelino Ferreira do Amaral - até 558/559',''),(8060005,34517,'Viaduto Engenheiro Luiz Alfredo Falcão Bauer',''),(8060010,34517,'Rua Inácio Maciel',''),(8060020,34517,'Praça José Cardoso de Moura',''),(8060030,34517,'Rua Parioto',''),(8060040,34517,'Rua Taiuvinha',''),(8060050,34517,'Rua Brazilina Tereza',''),(8060060,34517,'Rua Coronel Manuel Feliciano de Souza',''),(8060065,34517,'Avenida Tenente Laudelino Ferreira do Amaral - de 560/561 ao fim',''),(8060070,34517,'Avenida Doutor Ussiel Cirilo',''),(8060080,34517,'Rua Erva Mate',''),(8060090,34517,'Rua Vilma',''),(8060100,34517,'Rua Tapiçuá',''),(8060110,34517,'Praça Fortunato da Silveira',''),(8060120,34517,'Avenida Afonso Lopes de Baião - até 628/629',''),(8060125,34517,'Viela Afonso Lopes de Baião',''),(8060130,34517,'Rua Elita',''),(8060140,34517,'Rua João Felisberto Moreira',''),(8060150,34517,'Rua Dona Ana Flora Pinheiro de Sousa',''),(8060160,34517,'Rua Guchi Toda',''),(8060170,34517,'Rua Tilly',''),(8060180,34517,'Rua Glênio Peres',''),(8060190,34517,'Rua Marrela',''),(8060200,34517,'Rua Jaime Barcelos',''),(8060205,34517,'Rua Edward Romoaldo',''),(8060207,34517,'Travessa Denis de Lair',''),(8060210,34517,'Rua Francisco Castanheda',''),(8060220,34517,'Rua Édipo Feliciano',''),(8060225,34517,'Via de Pedestre Pedro Augusto Reais',''),(8060230,34517,'Rua Aracaji-Mirim',''),(8060240,34517,'Rua Lígia Moreira de Salles Gomes',''),(8060260,34517,'Praça José de Barros Abreu',''),(8060265,34517,'Travessa Cônego Artusi',''),(8060270,34517,'Rua Amélia Cardoso Caropreso',''),(8060280,34517,'Rua João Franco de Sousa',''),(8060283,34517,'Rua Aulide Carini',''),(8060285,34517,'Travessa Maria Eliza Gomes de Abreu',''),(8060290,34517,'Rua João Álvares Pires',''),(8060300,34517,'Rua Tarapitinga',''),(8060310,34517,'Rua Tejuguaçu',''),(8060320,34517,'Rua Claro de Minas',''),(8060322,34517,'Travessa Hermes de Lima',''),(8060330,34517,'Rua Domingos Antônio Laureano',''),(8060340,34517,'Rua Ernesto Bainha Lopes',''),(8060350,34517,'Rua Tsutomu Henni',''),(8060355,34517,'Rua João Eugênio',''),(8060360,34517,'Rua Piedade de Ponte Nova',''),(8060370,34517,'Rua Santana de Pirapama',''),(8060371,34517,'Viela Santana de Pirapama',''),(8060375,34517,'Rua Baixo das Curimatás',''),(8060380,34517,'Rua Américo Sugai',''),(8060383,34517,'Travessa Professor Richard Wasicky',''),(8060385,34517,'Rua João Nunes da Mata',''),(8060387,34517,'Travessa Inácio Ferreira',''),(8060390,34517,'Rua Friande',''),(8060395,34517,'Travessa Benedito Moraes',''),(8060400,34517,'Avenida dos Guris',''),(8060401,34517,'Viela Guris',''),(8060410,34517,'Rua Carvalho de Almeida',''),(8060420,34517,'Rua Bernardo Bellotto',''),(8060430,34517,'Rua Carlo Crivelli',''),(8060970,34517,'Rua Dona Ana Flora Pinheiro de Sousa, 76 ',' AC Vinte e Quatro de Maio'),(8061200,34517,'Avenida Rio Jacuí',''),(8061205,34517,'Avenida Marginal',''),(8080550,17271,'Rua Curuapanema',''),(8081130,17271,'Rua Suçuarana',''),(8081160,17271,'Rua Sabiá-Laranjeira',''),(8081170,17271,'Rua Salvador Fernandes Cardia',''),(8081180,17271,'Rua Tujumirim',''),(8081185,17271,'Praça das Campainhas',''),(8081210,17271,'Rua Tetiximira',''),(8081240,17271,'Rua Ipê Branco',''),(8081435,17271,'Travessa Sudão',''),(8090280,17271,'Avenida Félix Nascentes Pinto',''),(8090281,17271,'Rua Canarinho (Ch Três Meninas)',''),(8090282,17271,'Rua Santa Efigênia (Ch Três Meninas)',''),(8090283,17271,'Rua Maria de Lourdes (Ch Três Meninas)',''),(8090284,17271,'Rua 03 de Outubro (Ch Três Meninas)',''),(8090290,17271,'Rua São Brás do Suaçuí',''),(8090300,17271,'Rua Antônio de Sousa e Castro',''),(8090310,17271,'Rua Juriti Azul',''),(8090320,17271,'Rua Guainambé',''),(8090330,17271,'Rua Conceição de Minas',''),(8090340,17271,'Rua Domingos Trigueiros',''),(8090350,17271,'Rua Emílio Cardoso Aires',''),(8090360,17271,'Rua Tucunaré',''),(8090370,17271,'Rua Kumaki Aoki',''),(8090380,17271,'Rua Engenheiro Álvaro de Sales Oliveira',''),(8090390,17271,'Rua Doutor Gregório de Oliveira e Castro',''),(8090400,17271,'Rua Tinguaçu',''),(8090410,17271,'Praça Carmo da Cachoeira',''),(8090420,17271,'Rua São João Batista dos Passos',''),(8090430,17271,'Rua Cruzeiro da Fortaleza',''),(8090440,17271,'Rua Rio da Lagoa',''),(8090450,17271,'Rua Miraporanga',''),(8090460,17271,'Rua Carlo Maratti',''),(8090470,17271,'Rua Erva Andorinha',''),(8090480,17271,'Rua Fortaleza de Minas',''),(8090490,17271,'Rua Alexandre Machado Pereira',''),(8090500,17271,'Rua Raiz Amarela',''),(8090510,17271,'Rua Araguaia Paraense',''),(8090520,17271,'Rua Cachoeira do Brumado',''),(8090530,17271,'Rua Camomila',''),(8090540,17271,'Rua Algodoeiros',''),(8090550,17271,'Rua Sodré de Aragão',''),(8090551,17271,'Rua Recife (Jd Arizona)',''),(8090552,17271,'Rua Amazonas (Jd Arizona)',''),(8090553,17271,'Rua Bahia (Jd Arizona)',''),(8090554,17271,'Rua Piauí (Jd Arizona)',''),(8090555,17271,'Rua Vitória (Jd Arizona)',''),(8090556,17271,'Rua Alagoas (Jd Arizona)',''),(8090557,17271,'Rua Leonel de Azevedo (Jd Arizona)',''),(8090558,17271,'Rua Nossa Senhora da Paz (Jd Arizona)',''),(8090559,17271,'Rua Santa Helena (Jd Arizona)',''),(8090560,17271,'Rua das Cactáceas',''),(8090570,17271,'Rua Mamangá',''),(8090580,17271,'Rua dos Mururés',''),(8090590,17271,'Praça Craveiro do Campo',''),(8090600,17271,'Rua Cirilo Alves da Silva',''),(8090601,17271,'Rua Morada do Sol (Jardim Arizona)',''),(8090602,17271,'Rua Creusa de Souza Silva',''),(8090603,17271,'Rua Beija-flor (Jardim Arizona)',''),(8090604,17271,'Rua Esperança',''),(8090605,17271,'Rua das Flores (Jardim Arizona)',''),(8090606,17271,'Rua das Andorinhas (Jardim Arizona)',''),(8090620,17271,'Rua Francisco Cirillo',''),(8090630,17271,'Rua Antônio Joaquim de Carvalho',''),(8090640,17271,'Rua Pedro de Sousa Portugal',''),(8090650,17271,'Rua dos Girassóis',''),(8090660,17271,'Rua Inácio Alvarez',''),(8090670,17271,'Rua Santa Rosa da Serra',''),(8090690,17271,'Rua Palmeira-Imperial',''),(8090700,17271,'Rua Graciosa',''),(8090710,17271,'Rua dos Cajus',''),(8090720,17271,'Rua Rosa Rubra',''),(8090740,17271,'Rua Guarauna',''),(8090750,17271,'Rua Boiçuaíba',''),(8090753,17271,'Rua Cosme dos Santos',''),(8110115,29808,'Rua Adolfo Baci',''),(8110225,29808,'Travessa Ébano Oriental',''),(8110300,29808,'Rua Vereda do Paraíso',''),(8110343,29808,'Rua Imore',''),(8110345,29808,'Rua Abure',''),(8111005,29808,'Rua Particular A',''),(8111008,29808,'Rua Particular B',''),(8111050,29808,'Rua Manuel Duarte Ferro - até 405/406',''),(8111075,29808,'Travessa Euristeo',''),(8111180,29808,'Rua Monsenhor Salim - até 655/656',''),(8111200,29808,'Rua Enseada Itapacoroia',''),(8111230,29808,'Rua Colônia D\'Assunção',''),(8111280,29808,'Rua Baltazar Gonsalves Malho',''),(8111300,29808,'Avenida Córrego Três Pontes',''),(8111325,29808,'Viela Santa Terezinha',''),(8115000,29808,'Avenida Marechal Tito - de 4050 ao fim - lado par',''),(8115100,29808,'Avenida Marechal Tito - de 4191 ao fim - lado ímpar',''),(8115971,29808,'Avenida Marechal Tito, 7255 ',' CLI Leve Leite Leste'),(8115972,29808,'Avenida Marechal Tito, 7255 ',' CDD Itaim Paulista'),(8120000,29808,'Avenida Barão de Alagoas',''),(8120010,29808,'Praça Bernardo Ravasco',''),(8120020,29808,'Rua Pascoal de Miranda',''),(8120030,29808,'Rua Manuel de Castilho',''),(8120040,29808,'Rua Ribeiro Escobar',''),(8120050,29808,'Rua Padre Eustáquio',''),(8120060,29808,'Rua Paraú',''),(8120070,29808,'Rua Santo Antônio da Glória',''),(8120080,29808,'Rua Serra dos Aimorés',''),(8120090,29808,'Rua Lázaro Diniz',''),(8120100,29808,'Rua Cachoeira Alta',''),(8120110,29808,'Praça Lions Clube Itaim Paulista',''),(8120120,29808,'Rua Maria Felícia',''),(8120130,29808,'Rua Francisco Faustino',''),(8120140,29808,'Rua Vigia da Encruzilhada',''),(8120150,29808,'Rua Sargento Manuel Alboz',''),(8120160,29808,'Rua do Convento',''),(8120200,29808,'Rua João Carlos Leite Penteado',''),(8120240,29808,'Avenida Inácio Penteado',''),(8120300,29808,'Rua Nogueira Viotti',''),(8120305,29808,'Praça Hector Júlio Paride Bsarnabó',''),(8120310,29808,'Praça Ministro Brito Bastos',''),(8120320,29808,'Rua Almirante Alves Câmara',''),(8120330,29808,'Rua Colaço de Oliveira',''),(8120340,29808,'Rua Albuquerque Pinheiro',''),(8120350,29808,'Rua do Refrão',''),(8120360,29808,'Rua Pacutinga',''),(8120370,29808,'Rua João de Castilho Pinto',''),(8120380,29808,'Rua Professor Zeferino Ferraz',''),(8120390,29808,'Rua Povos Guaranis',''),(8120400,29808,'Praça Monsenhor Francisco Bastos',''),(8120410,29808,'Rua Mandaguaçu',''),(8120420,29808,'Rua Valente de Novais',''),(8120430,29808,'Rua João da Silva',''),(8120440,29808,'Rua Sardoá',''),(8120450,29808,'Rua Cândido Gomide',''),(8120455,29808,'Praça Yerchanik Kissajikian',''),(8120460,29808,'Rua Floraí',''),(8120470,29808,'Rua Itajuibe - até 907/908',''),(8120540,29808,'Rua João Lourenço Rebelo',''),(8120550,29808,'Rua Francisco Velasquez',''),(8121800,29808,'Rua Valsa dos Casais',''),(8121810,29808,'Rua Serra do Luar',''),(8121830,29808,'Rua Cio da Terra',''),(8131030,29808,'Rua José Mário Donizetti Baroni',''),(8131060,29808,'Rua Minha Cidade',''),(8131070,29808,'Rua Aguinaldo Bezerra dos Santos',''),(8131180,29808,'Rua Padre Francisco Veloso',''),(8131210,29808,'Rua Jacinto Soares',''),(8131215,29808,'Rua Pedro Gil',''),(8131220,29808,'Rua Estudantes da China',''),(8131225,29808,'Rua Ilha da Paz (Enc. Norte)',''),(8131230,29808,'Rua Che',''),(8131240,29808,'Rua do Espaço Ecológico',''),(8131250,29808,'Rua Oswaldo Barreto',''),(8131260,29808,'Rua Djalma de Andrade',''),(8131280,29808,'Rua Teodomiro Pereira',''),(8131290,29808,'Rua Águia do Universo',''),(8131300,29808,'Rua Ary Cordovil',''),(8131310,29808,'Rua Padre Virgílio Campelo',''),(8131315,29808,'Rua Barão de Almeida Galeão',''),(8131320,29808,'Rua Renata Agondi',''),(8131325,29808,'Rua Visconde de Guedes Teixeira',''),(8131330,29808,'Rua Carlos Aguiar',''),(8131340,29808,'Rua Carmem de Almeida',''),(8131350,29808,'Rua Vitório Negrelle',''),(8131360,29808,'Rua Paulo Tapajós',''),(8131370,29808,'Rua Dom João Peres de Aboim',''),(8132410,29808,'Rua Chuva na Montanha',''),(8132430,29808,'Rua Coração Paulista',''),(8132460,29808,'Rua Espelho Mágico',''),(8132470,29808,'Rua Porto da Saudade',''),(8132480,29808,'Rua Canção dos Piratas',''),(8132485,29808,'Rua Senador Darcy Ribeiro',''),(8132490,29808,'Rua Alberto Evaristo Ginastera',''),(8132495,29808,'Rua André Breton',''),(8140000,29808,'Rua Tibúrcio de Sousa',''),(8140010,29808,'Praça Silva Teles',''),(8140060,29808,'Rua Antônio João de Medeiros',''),(8140313,29808,'Rua Açaiá',''),(8140970,29808,'Rua Tibúrcio de Sousa, 8 ',' AC Itaim Paulista'),(8140972,29808,'Rua Tibúrcio de Sousa, 437 ',' AC Silva Teles'),(8141005,29808,'Rua Mar Eterno',''),(8141008,29808,'Rua da Cançoneta',''),(8141015,29808,'Rua Camurça',''),(8141018,29808,'Rua Lírio dos Vales',''),(8141730,29808,'Rua Luiza Augusta Garlippe',''),(8141740,29808,'Rua Maria Célia Correa',''),(8190303,29808,'Rua Armando Nóbrega Colângelo',''),(8371060,17271,'Rua Fortim do Descalvado',''),(8371150,17271,'Rua Aguarico',''),(8371160,17271,'Rua Lorenzo Penna',''),(8371165,17271,'Rua Taubiú',''),(8371170,17271,'Rua Peruna',''),(8371180,17271,'Rua Arinos',''),(8371190,17271,'Rua Almeida Falcão',''),(8371200,17271,'Rua Antônio Coutinho',''),(8371210,17271,'Rua Fortim Itapoã',''),(8371220,17271,'Travessa da Leveza',''),(8371230,17271,'Travessa do Passeio',''),(8371240,17271,'Rua Simão Cerqueira',''),(8371250,17271,'Rua Pindaré',''),(8371260,17271,'Rua Cauim',''),(8371270,17271,'Praça Domingos Dias Sereno',''),(8420000,17271,'Estrada Itaquera-Guaianazes - de 1723/1724 a 2558/2559',''),(8420010,17271,'Rua Hilário Pires',''),(8420020,17271,'Rua Doutor Oliveira Arruda',''),(8420030,17271,'Rua São Marçal',''),(8420040,17271,'Rua Doutor Ribeiro de Andrade',''),(8420050,17271,'Rua Veiga Bueno',''),(8420060,17271,'Rua Mafalda Santanin Bettio',''),(8420070,17271,'Rua Roseira',''),(8420080,17271,'Rua Erli',''),(8420081,17271,'Rua Shiono Katayama',''),(8420090,17271,'Rua Manuel Calhamares',''),(8420092,17271,'Avenida José Pinheiro Borges',''),(8420100,17271,'Rua Itarana',''),(8420110,17271,'Rua Diogo Sanches',''),(8420120,17271,'Rua Juvelina',''),(8420130,17271,'Avenida Nossa Senhora de Guadalupe',''),(8420150,17271,'Rua Esteves Ferreira',''),(8420160,17271,'Rua Agostinho Delgado de Arouche',''),(8420170,17271,'Rua Bernardo Guedes de Toledo',''),(8420180,17271,'Rua José Cubas do Prado',''),(8420190,17271,'Rua Francisco Pinheiro de Sepeda',''),(8420200,17271,'Rua Frei Francisco',''),(8420210,17271,'Rua Sílvio Marques Júnior',''),(8420220,17271,'Rua João Piqueras',''),(8420230,17271,'Rua Frei André Blanco',''),(8420240,17271,'Rua Sebastião de Barros',''),(8420250,17271,'Rua Belo Vale',''),(8420260,17271,'Rua Lourenço Xavier',''),(8420270,17271,'Rua Engenheiro Romeu Belluomini',''),(8420280,17271,'Avenida Professor Osvaldo de Oliveira',''),(8420290,17271,'Rua Tomé Málio',''),(8420300,17271,'Rua Ferreira de Camargo',''),(8420318,17271,'Rua Santa Rita da Estrela',''),(8420320,17271,'Rua Patrícia Galvão',''),(8420340,17271,'Rua Padre Cristóvão Valente',''),(8420350,17271,'Rua Serafim dos Anjos',''),(8420355,17271,'Rua Joaquim Pardave',''),(8420360,17271,'Rua Jean Murat',''),(8420370,17271,'Rua Caetano Duarte',''),(8420380,17271,'Rua Silvestre da Silva',''),(8420400,17271,'Rua Santa Edith',''),(8420600,17271,'Rua Pilar do Sul',''),(8420970,17271,'Rua Pilar do Sul, 50 ',' CDD Cidade Tiradentes'),(8421141,17271,'Rua Vista Alegre','');
/*!40000 ALTER TABLE `logradouro` ENABLE KEYS */;
UNLOCK TABLES;

--
-- Table structure for table `logradouro_sp`
--

DROP TABLE IF EXISTS `logradouro_sp`;
/*!40101 SET @saved_cs_client     = @@character_set_client */;
/*!50503 SET character_set_client = utf8mb4 */;
CREATE TABLE `logradouro_sp` (
  `COD_CEP` int NOT NULL DEFAULT '0'
) ENGINE=InnoDB DEFAULT CHARSET=utf8mb4 COLLATE=utf8mb4_0900_ai_ci;
/*!40101 SET character_set_client = @saved_cs_client */;

--
-- Dumping data for table `logradouro_sp`
--

LOCK TABLES `logradouro_sp` WRITE;
/*!40000 ALTER TABLE `logradouro_sp` DISABLE KEYS */;
INSERT INTO `logradouro_sp` VALUES (3001000),(3001003),(3001005),(3002000),(3002010),(3003000),(3003010),(3003020),(3003030),(3003040),(3003050),(3003060),(3004000),(3004001),(3004005),(3004007),(3004010),(3004020),(3005000),(3005010),(3005020),(3005030),(3005040),(3006010),(3006015),(3006020),(3006030),(3006970),(3007000),(3007010),(3007020),(3007030),(3007040),(3007050),(3007060),(3007070),(3008000),(3008010),(3008015),(3008020),(3008030),(3008040),(3008060),(3009000),(3009010),(3009015),(3009020),(3009030),(3009100),(3009110),(3010000),(3010010),(3010020),(3010030),(3010040),(3010050),(3010060),(3010070),(3010080),(3011000),(3011001),(3011006),(3011010),(3011011),(3011020),(3012000),(3012010),(3012020),(3012030),(3012040),(3012050),(3012060),(3013000),(3013001),(3013005),(3013010),(3013011),(3013020),(3013030),(3013040),(3013050),(3014000),(3014005),(3014010),(3014020),(3014030),(3014040),(3015000),(3015010),(3015015),(3015017),(3015020),(3015030),(3015050),(3015060),(3015970),(3015971),(3016000),(3016001),(3016010),(3016020),(3016030),(3016900),(3016970),(3017000),(3017003),(3017005),(3017010),(3017020),(3017900),(3017970),(3018000),(3018010),(3018020),(3018030),(3019000),(3019005),(3019007),(3019010),(3019020),(3019030),(3019040),(3019050),(3019900),(3019902),(3020000),(3020003),(3020005),(3020007),(3020010),(3020020),(3020030),(3020040),(3020050),(3020055),(3021000),(3021005),(3021007),(3021010),(3021015),(3021020),(3021030),(3021035),(3021040),(3021050),(3021055),(3021060),(3021070),(3021080),(3021085),(3021090),(3021100),(3021110),(3021120),(3021130),(3021140),(3021200),(3021210),(3021220),(3021230),(3021240),(3021900),(3022000),(3022001),(3022005),(3022010),(3022020),(3022030),(3022040),(3022050),(3022060),(3022070),(3022075),(3022080),(3023000),(3023010),(3023020),(3023970),(3023999),(3024000),(3024003),(3024005),(3024010),(3025000),(3025001),(3025005),(3025010),(3025020),(3025030),(3025040),(3025050),(3026000),(3026001),(3026005),(3026010),(3026020),(3026030),(3026035),(3027000),(3027005),(3027006),(3027010),(3027020),(3027026),(3027900),(3028000),(3028001),(3028003),(3028005),(3028010),(3028020),(3028030),(3028040),(3028050),(3029000),(3029010),(3029020),(3029030),(3029040),(3029050),(3029060),(3029070),(3029080),(3029090),(3030000),(3030010),(3030020),(3030030),(3030040),(3030050),(3030060),(3030070),(3030080),(3030090),(3030100),(3030110),(3030120),(3030130),(3031000),(3031010),(3031015),(3031030),(3031040),(3031050),(3031900),(3031901),(3031902),(3032000),(3032006),(3032010),(3032020),(3032030),(3032040),(3033000),(3033010),(3033020),(3033030),(3033040),(3033050),(3033060),(3033070),(3033080),(3033090),(3033100),(3033101),(3033900),(3033901),(3034000),(3034010),(3034020),(3034030),(3034040),(3034050),(3034060),(3034070),(3034080),(3034090),(3034100),(3034110),(3034120),(3034130),(3034140),(3034150),(3035000),(3035005),(3035010),(3035020),(3035030),(3035040),(3035050),(3035060),(3035070),(3035080),(3035090),(3035110),(3035115),(3035120),(3035130),(3035413),(3036000),(3040000),(3040010),(3040020),(3040030),(3040040),(3040050),(3040901),(3040902),(3040903),(3040904),(3041000),(3041010),(3041020),(3041030),(3041040),(3041050),(3041060),(3041070),(3041080),(3041090),(3041100),(3041110),(3041900),(3042000),(3042001),(3042005),(3042010),(3042900),(3042901),(3043000),(3043010),(3043020),(3043030),(3043040),(3043050),(3043060),(3043070),(3043900),(3044000),(3044020),(3045000),(3045002),(3045006),(3045010),(3045012),(3045014),(3045016),(3045018),(3045020),(3046010),(3047000),(3047003),(3047005),(3047007),(3047010),(3047020),(3047030),(3047040),(3050000),(3050003),(3050005),(3050010),(3050020),(3050023),(3050025),(3050030),(3050040),(3050050),(3050900),(3050970),(3050971),(3050999),(3051000),(3051003),(3051005),(3051010),(3051040),(3051900),(3052000),(3052010),(3052020),(3052030),(3052040),(3052050),(3052060),(3052065),(3052070),(3053000),(3053003),(3053005),(3053010),(3053020),(3053025),(3053040),(3053900),(3054000),(3054010),(3054020),(3054030),(3054040),(3054050),(3054900),(3055000),(3055010),(3055020),(3055030),(3057000),(3057010),(3057020),(3057030),(3057040),(3057045),(3057050),(3057060),(3057070),(3057900),(3057970),(3058000),(3058010),(3058020),(3058030),(3058040),(3058050),(3058060),(3058070),(3058080),(3059001),(3059003),(3059005),(3059010),(3059020),(3059023),(3059025),(3059030),(3059033),(3059035),(3059040),(3059050),(3059900),(3060000),(3060003),(3060005),(3060007),(3060010),(3060015),(3060020),(3060023),(3060025),(3060027),(3060030),(3061000),(3061010),(3061020),(3061030),(3061040),(3061900),(3062000),(3062003),(3062005),(3062010),(3062020),(3062030),(3062040),(3063000),(3063010),(3063020),(3063030),(3063040),(3063900),(3064000),(3064010),(3064020),(3064100),(3064970),(3065000),(3065010),(3065020),(3065025),(3065030),(3065035),(3065040),(3065050),(3065060),(3065070),(3065970),(3065972),(3065973),(3066000),(3066005),(3066010),(3066020),(3066025),(3066030),(3066040),(3066050),(3066054),(3066060),(3066065),(3066070),(3066080),(3067000),(3067010),(3067020),(3067025),(3067030),(3067040),(3067050),(3067060),(3067070),(3067080),(3068000),(3068005),(3068010),(3068015),(3068020),(3068025),(3068030),(3069000),(3069010),(3069020),(3069030),(3069040),(3069050),(3069060),(3069070),(3070000),(3070005),(3070010),(3070020),(3070030),(3070900),(3071000),(3071010),(3071020),(3071030),(3071040),(3071050),(3071070),(3071080),(3071090),(3071100),(3071110),(3071130),(3071140),(3072000),(3072005),(3072010),(3072020),(3072030),(3072040),(3072050),(3072060),(3072070),(3072080),(3073000),(3073005),(3073010),(3073020),(3073040),(3073050),(3073060),(3073070),(3073080),(3073090),(3073100),(3073110),(3074000),(3074900),(3076000),(3076005),(3077000),(3077005),(3077010),(3077020),(3077030),(3077040),(3077050),(3077060),(3077070),(3077075),(3077080),(3077085),(3077090),(3077100),(3077110),(3077900),(3080000),(3080010),(3080020),(3080040),(3080050),(3080060),(3080900),(3081001),(3081002),(3081003),(3081004),(3081006),(3081010),(3081012),(3081015),(3081020),(3081025),(3081030),(3081031),(3081033),(3081035),(3081040),(3081045),(3081900),(3084000),(3084010),(3084020),(3084030),(3084040),(3084900),(3084902),(3085000),(3085003),(3085005),(3085010),(3085025),(3085030),(3085900),(3085901),(3086020),(3086025),(3086030),(3086035),(3086040),(3086045),(3086050),(3086060),(3086070),(3086080),(3086090),(3086100),(3087000),(3087010),(3087015),(3087020),(3087025),(3087030),(3087040),(3087050),(3087060),(3087080),(3087090),(3087900),(3088000),(3088010),(3088020),(3088030),(3088040),(3088050),(3088060),(3088070),(3088080),(3088090),(3088100),(3088110),(3088120),(3088140),(3089000),(3089010),(3089020),(3089030),(3089035),(3089040),(3089050),(3089060),(3089070),(3089075),(3089090),(3089100),(3089900),(3089970),(3090000),(3090003),(3090005),(3090010),(3090020),(3090030),(3090031),(3090040),(3090050),(3090060),(3101000),(3101001),(3101003),(3101004),(3101005),(3101010),(3101020),(3101050),(3101060),(3102000),(3102001),(3102002),(3102003),(3102004),(3102005),(3102006),(3102007),(3102010),(3102020),(3102030),(3102040),(3102050),(3102060),(3102070),(3102900),(3102901),(3102902),(3103000),(3103001),(3103002),(3103003),(3103010),(3103020),(3103030),(3103040),(3103050),(3103060),(3103070),(3103080),(3103096),(3103900),(3103902),(3103973),(3104000),(3104002),(3104003),(3104010),(3104040),(3104900),(3104970),(3104999),(3105000),(3105003),(3105005),(3105010),(3105020),(3105030),(3105050),(3105060),(3105080),(3105090),(3105100),(3105110),(3105120),(3105130),(3105900),(3105901),(3106010),(3106020),(3106030),(3106040),(3106050),(3106060),(3106070),(3106080),(3106090),(3106900),(3107000),(3107001),(3107002),(3107020),(3107030),(3107040),(3107050),(3107060),(3107900),(3107901),(3107902),(3107903),(3108010),(3108020),(3108030),(3108040),(3108070),(3108110),(3108900),(3109000),(3109001),(3109010),(3109020),(3109040),(3109050),(3109900),(3109901),(3109902),(3109904),(3110001),(3110010),(3110020),(3110030),(3110040),(3110050),(3110060),(3110901),(3110902),(3111001),(3111010),(3111020),(3111030),(3111040),(3112010),(3112020),(3112030),(3112040),(3112060),(3112070),(3112080),(3112090),(3112100),(3112110),(3112120),(3112130),(3112150),(3113010),(3113020),(3113030),(3113040),(3113050),(3113060),(3113070),(3113080),(3113090),(3114000),(3114001),(3114900),(3115001),(3115020),(3115040),(3115901),(3116000),(3116020),(3116060),(3116900),(3116901),(3117000),(3118000),(3118001),(3118020),(3118030),(3118040),(3118900),(3118901),(3119000),(3119001),(3119010),(3119020),(3119030),(3119040),(3119050),(3119060),(3120000),(3120001),(3120010),(3120015),(3120020),(3120900),(3121010),(3121020),(3121030),(3121040),(3121050),(3121970),(3122000),(3122010),(3122020),(3122030),(3122040),(3122050),(3122060),(3122900),(3122902),(3123010),(3123020),(3123030),(3123040),(3123050),(3123060),(3123070),(3123080),(3123090),(3123120),(3123140),(3123150),(3123900),(3123901),(3123902),(3124010),(3124020),(3124021),(3124030),(3124040),(3124050),(3124060),(3124070),(3124080),(3124090),(3124110),(3124115),(3125010),(3125020),(3125040),(3125050),(3125055),(3125070),(3125080),(3125090),(3125100),(3125105),(3125140),(3125900),(3126000),(3126001),(3126005),(3126007),(3126010),(3126040),(3126050),(3126060),(3126070),(3126090),(3126100),(3127000),(3127001),(3127010),(3127020),(3127025),(3127030),(3127040),(3127050),(3127060),(3127070),(3127090),(3127100),(3127110),(3127115),(3127120),(3127125),(3127130),(3127135),(3127150),(3127160),(3127170),(3127175),(3127176),(3127179),(3127180),(3127190),(3127200),(3127210),(3128010),(3128020),(3128030),(3128040),(3128050),(3128060),(3128070),(3128080),(3128085),(3128090),(3128100),(3128110),(3128120),(3128130),(3128140),(3128141),(3128150),(3128160),(3128170),(3128180),(3128190),(3128200),(3128210),(3129010),(3129020),(3129030),(3129040),(3129050),(3129055),(3129060),(3129070),(3129110),(3129120),(3130010),(3130020),(3130030),(3130190),(3131010),(3131020),(3131030),(3131040),(3131045),(3131050),(3131060),(3131070),(3131080),(3131090),(3131100),(3131130),(3132010),(3132020),(3132040),(3132050),(3132060),(3132070),(3132080),(3132090),(3132100),(3132110),(3132120),(3132125),(3132970),(3133000),(3133100),(3133200),(3133210),(3134000),(3134001),(3134002),(3134050),(3134055),(3134060),(3134070),(3134080),(3135010),(3135020),(3135030),(3135040),(3135070),(3136010),(3136020),(3136030),(3136035),(3136040),(3136050),(3136060),(3136070),(3136080),(3136090),(3136100),(3136110),(3136120),(3136130),(3136140),(3136150),(3136155),(3136900),(3136901),(3137006),(3137010),(3137020),(3137030),(3137050),(3137060),(3137070),(3137080),(3137090),(3137100),(3137120),(3137130),(3137140),(3137145),(3137150),(3137155),(3137170),(3137180),(3138000),(3138001),(3138010),(3138020),(3138030),(3138040),(3138050),(3138060),(3138070),(3138120),(3139010),(3139020),(3139030),(3139040),(3139045),(3139050),(3139060),(3139070),(3140010),(3140020),(3140030),(3140040),(3140050),(3140060),(3141010),(3141020),(3141030),(3141040),(3141050),(3141070),(3141080),(3141085),(3141090),(3142000),(3142001),(3142030),(3142040),(3142050),(3142060),(3143000),(3143001),(3143002),(3143003),(3143050),(3143060),(3143070),(3143080),(3143999),(3144000),(3144001),(3144010),(3144020),(3144030),(3144040),(3144050),(3144060),(3144070),(3144080),(3144090),(3145000),(3145010),(3145020),(3145030),(3145040),(3145050),(3146010),(3146020),(3146030),(3146040),(3146050),(3146060),(3147000),(3147001),(3147020),(3147030),(3147040),(3147050),(3147070),(3147100),(3149000),(3149100),(3149970),(3149999),(3150001),(3150010),(3150020),(3150030),(3150040),(3150050),(3150060),(3150070),(3150080),(3150090),(3150100),(3150903),(3151010),(3151020),(3151030),(3151040),(3151050),(3151060),(3151070),(3151080),(3151090),(3151100),(3151110),(3151120),(3151140),(3151170),(3152000),(3152010),(3152020),(3152030),(3152040),(3152050),(3152060),(3152070),(3152080),(3152090),(3152100),(3152110),(3152120),(3152130),(3152140),(3152150),(3152155),(3152160),(3152165),(3152170),(3152180),(3152200),(3152210),(3152220),(3152230),(3152240),(3153000),(3153001),(3153002),(3153005),(3153060),(3153070),(3153080),(3153090),(3153110),(3153900),(3154000),(3154065),(3154100),(3154105),(3155000),(3155005),(3155015),(3155030),(3155050),(3155100),(3156000),(3156001),(3156060),(3156150),(3156170),(3156205),(3156210),(3156220),(3156230),(3156240),(3156245),(3156247),(3156250),(3156270),(3156280),(3156290),(3156900),(3156901),(3157010),(3157020),(3157030),(3157040),(3157050),(3157060),(3157070),(3157080),(3157090),(3157100),(3157110),(3157130),(3157140),(3157200),(3157201),(3158010),(3158020),(3158030),(3158040),(3158050),(3158060),(3158070),(3158080),(3158090),(3158100),(3158110),(3158120),(3159020),(3159060),(3159061),(3159070),(3159080),(3159090),(3159100),(3159110),(3159120),(3159130),(3159140),(3159150),(3159160),(3160000),(3160010),(3160020),(3160030),(3160040),(3160050),(3160060),(3160065),(3160070),(3160080),(3160090),(3160100),(3160110),(3161000),(3161010),(3161020),(3161030),(3161040),(3161050),(3161060),(3161070),(3161080),(3161090),(3161160),(3162010),(3162020),(3162025),(3162030),(3162035),(3162040),(3162050),(3162060),(3162065),(3162070),(3162080),(3162090),(3162100),(3162110),(3162115),(3162120),(3162125),(3162130),(3162140),(3162150),(3162160),(3162970),(3162971),(3162999),(3163010),(3163013),(3163015),(3163020),(3163030),(3163040),(3163050),(3163060),(3163070),(3163080),(3163090),(3163100),(3164000),(3164100),(3164110),(3164120),(3164125),(3164130),(3164135),(3164140),(3164150),(3164160),(3164200),(3164210),(3164300),(3164310),(3164900),(3164901),(3164902),(3165000),(3165001),(3165002),(3165003),(3165050),(3165060),(3165070),(3165901),(3165902),(3165903),(3165970),(3165971),(3166000),(3166001),(3166010),(3166030),(3166900),(3167010),(3167015),(3167020),(3167030),(3167040),(3167050),(3167060),(3167070),(3167080),(3167090),(3168005),(3168009),(3168015),(3168020),(3168030),(3168040),(3168050),(3168060),(3168070),(3168080),(3168900),(3168902),(3168903),(3169010),(3169020),(3169030),(3169040),(3169045),(3169050),(3169060),(3169070),(3169900),(3169901),(3170010),(3170020),(3170030),(3170040),(3170050),(3170060),(3170070),(3170900),(3170904),(3171010),(3171020),(3171030),(3171040),(3171050),(3171060),(3171070),(3171080),(3171090),(3171100),(3172010),(3172020),(3172030),(3172040),(3172080),(3173010),(3173020),(3173030),(3173040),(3173050),(3173900),(3173901),(3174000),(3174005),(3174010),(3174020),(3174030),(3174040),(3174050),(3174060),(3174070),(3174080),(3174090),(3174100),(3174105),(3174110),(3174120),(3174130),(3174150),(3174160),(3174170),(3174180),(3174190),(3175001),(3175010),(3175015),(3175030),(3175040),(3175050),(3175060),(3175070),(3175080),(3175090),(3175901),(3176000),(3176001),(3176050),(3176060),(3176070),(3176080),(3176090),(3176100),(3176110),(3176902),(3177010),(3177020),(3177030),(3177040),(3177050),(3177060),(3177070),(3177080),(3177090),(3177100),(3177110),(3177900),(3178000),(3178001),(3178020),(3178030),(3178040),(3178055),(3178060),(3178065),(3178070),(3178080),(3178090),(3178100),(3178110),(3178120),(3178130),(3178140),(3178150),(3178160),(3178170),(3178180),(3178190),(3178200),(3178210),(3178220),(3179010),(3179020),(3179030),(3179040),(3179050),(3179060),(3179070),(3179080),(3179090),(3179100),(3179110),(3179120),(3179130),(3179140),(3179150),(3179900),(3180000),(3180001),(3180002),(3180003),(3180060),(3180070),(3180080),(3180090),(3180100),(3180110),(3180120),(3180130),(3180140),(3180150),(3180160),(3180170),(3180180),(3180190),(3180200),(3180900),(3181010),(3181020),(3181030),(3181040),(3181050),(3181060),(3181070),(3181080),(3181090),(3181100),(3181110),(3181120),(3182010),(3182020),(3182030),(3182040),(3182050),(3182055),(3182060),(3182070),(3182080),(3182901),(3183000),(3183001),(3183020),(3183030),(3183040),(3183050),(3183060),(3183070),(3183080),(3183090),(3183100),(3183110),(3183120),(3184010),(3184020),(3184030),(3184040),(3184050),(3184060),(3184070),(3184080),(3184090),(3184100),(3184105),(3184110),(3185010),(3185015),(3185020),(3185030),(3185040),(3185050),(3185055),(3185060),(3185900),(3185901),(3185902),(3186010),(3186015),(3186020),(3186030),(3186040),(3186900),(3187010),(3187015),(3187020),(3187030),(3187040),(3187050),(3187060),(3188000),(3188001),(3188002),(3188020),(3188030),(3188040),(3188050),(3188060),(3188070),(3188080),(3189010),(3189011),(3189030),(3189040),(3189060),(3189070),(3189080),(3189090),(3189100),(3189110),(3189120),(3189140),(3189150),(3189160),(3189170),(3189180),(3189190),(3189200),(3189210),(3190010),(3190020),(3190030),(3190040),(3190050),(3190060),(3190070),(3190080),(3190090),(3190100),(3190110),(3190120),(3190130),(3190140),(3190150),(3190160),(3190170),(3190900),(3190901),(3191010),(3191020),(3191030),(3191040),(3191050),(3191060),(3191070),(3191080),(3191090),(3191100),(3191110),(3191115),(3191120),(3191130),(3191140),(3191150),(3191160),(3191170),(3191180),(3191190),(3191200),(3192010),(3192020),(3192030),(3192040),(3192060),(3192070),(3192080),(3192090),(3192100),(3192110),(3192120),(3192125),(3192130),(3192140),(3192150),(3192160),(3192170),(3192180),(3192190),(3192200),(3192210),(3192220),(3192230),(3192240),(3192250),(3192901),(3192902),(3192903),(3193000),(3193010),(3193020),(3193030),(3193040),(3193050),(3193060),(3193070),(3193080),(3193090),(3193100),(3193110),(3193120),(3193130),(3193140),(3194010),(3195000),(3195010),(3195100),(3195105),(3195110),(3195970),(3201000),(3201010),(3201030),(3201040),(3201050),(3201053),(3201055),(3201060),(3201070),(3201080),(3202000),(3202010),(3202020),(3202030),(3202040),(3202050),(3202060),(3202080),(3202110),(3203000),(3203010),(3203020),(3203030),(3203040),(3203050),(3203060),(3203070),(3204000),(3204010),(3204020),(3204030),(3204035),(3204040),(3204050),(3204053),(3204055),(3204060),(3204070),(3204080),(3204090),(3204110),(3205000),(3205010),(3205020),(3205030),(3205040),(3205050),(3205060),(3206000),(3206005),(3206010),(3206020),(3206030),(3206040),(3206050),(3206060),(3206070),(3207000),(3207010),(3207020),(3207030),(3207040),(3207050),(3207060),(3208000),(3208010),(3208020),(3208030),(3208040),(3208050),(3209000),(3209010),(3209020),(3209030),(3209040),(3209050),(3209051),(3209052),(3209053),(3209054),(3209055),(3209056),(3209057),(3209058),(3209060),(3209070),(3209080),(3209090),(3210000),(3210001),(3210010),(3210900),(3210901),(3210970),(3210971),(3211000),(3211010),(3211020),(3211025),(3211030),(3211040),(3211050),(3211060),(3211070),(3211080),(3211090),(3211110),(3211120),(3211130),(3211140),(3211150),(3211155),(3211160),(3211170),(3211180),(3211190),(3211200),(3212000),(3212010),(3212020),(3212030),(3212040),(3212050),(3212060),(3212070),(3213000),(3213010),(3213020),(3213030),(3213050),(3213060),(3213070),(3213080),(3213090),(3213110),(3214000),(3214010),(3214020),(3214030),(3214040),(3214050),(3214060),(3214070),(3214080),(3214090),(3214130),(3214140),(3215000),(3215010),(3215020),(3215030),(3215035),(3215040),(3215050),(3215060),(3215070),(3215080),(3215090),(3216000),(3216010),(3216020),(3216030),(3216040),(3216050),(3216060),(3220000),(3220010),(3220100),(3220200),(3220300),(3220900),(3220901),(3220902),(3220970),(3221000),(3221100),(3221200),(3221300),(3222000),(3222010),(3222020),(3222030),(3222035),(3222040),(3222050),(3222060),(3222070),(3222080),(3222090),(3222110),(3222120),(3223000),(3223010),(3223020),(3223030),(3223040),(3223050),(3223060),(3223063),(3223065),(3223068),(3223070),(3223073),(3223080),(3223090),(3223095),(3223110),(3223120),(3223130),(3223140),(3223150),(3223160),(3223170),(3223180),(3223190),(3223200),(3223210),(3223220),(3223230),(3223240),(3224000),(3224005),(3224010),(3224020),(3224030),(3224050),(3224060),(3224070),(3224080),(3224090),(3224110),(3224120),(3224130),(3225000),(3225010),(3225020),(3225030),(3225040),(3225050),(3225060),(3225070),(3225080),(3225090),(3225110),(3225120),(3225130),(3225140),(3225150),(3226000),(3226010),(3226020),(3226030),(3226040),(3226050),(3226053),(3226055),(3226057),(3226060),(3226070),(3226080),(3226090),(3226110),(3227000),(3227005),(3227010),(3227020),(3227030),(3227040),(3227050),(3227060),(3227070),(3227080),(3227085),(3227090),(3227110),(3227120),(3227130),(3227140),(3227150),(3227160),(3227170),(3227180),(3227190),(3227200),(3227210),(3227220),(3236000),(3236010),(3236020),(3236030),(3236035),(3236040),(3236050),(3236060),(3236065),(3236070),(3236080),(3236110),(3237000),(3237020),(3237030),(3237040),(3237050),(3237060),(3237070),(3237080),(3237090),(3237093),(3237095),(3237097),(3237110),(3237120),(3237130),(3237140),(3237150),(3237160),(3238000),(3238010),(3238020),(3238030),(3238040),(3238050),(3238060),(3239000),(3239010),(3239020),(3239030),(3239040),(3239050),(3239060),(3239070),(3239080),(3239090),(3239110),(3239120),(3239130),(3239140),(3239150),(3240000),(3240010),(3240020),(3240030),(3240040),(3240050),(3240055),(3240060),(3240070),(3241000),(3241010),(3241020),(3241030),(3241040),(3242000),(3242010),(3242020),(3242030),(3242040),(3242050),(3242060),(3242070),(3243000),(3243010),(3243020),(3243030),(3243040),(3243050),(3243060),(3243070),(3243080),(3244000),(3244010),(3244020),(3244030),(3244040),(3244050),(3244060),(3244070),(3244080),(3244090),(3244110),(3244120),(3244130),(3244140),(3244150),(3245000),(3245010),(3245020),(3245030),(3245040),(3245050),(3245060),(3245070),(3245080),(3245090),(3245110),(3245120),(3245130),(3245140),(3249000),(3249010),(3249020),(3249030),(3249040),(3249050),(3249060),(3249070),(3249080),(3249090),(3249110),(3249130),(3249140),(3249150),(3249160),(3250000),(3250010),(3250020),(3250030),(3250040),(3250050),(3250060),(3250070),(3250080),(3250090),(3251000),(3251010),(3251020),(3251030),(3251040),(3251050),(3251060),(3251070),(3251080),(3251083),(3251085),(3251090),(3251110),(3251120),(3251130),(3251140),(3251150),(3251160),(3251170),(3251175),(3251180),(3251183),(3251185),(3251187),(3251189),(3251190),(3251200),(3251210),(3251220),(3251230),(3251235),(3251240),(3251250),(3252000),(3253000),(3253005),(3253010),(3253020),(3253030),(3253040),(3253050),(3253060),(3254000),(3254010),(3254020),(3254030),(3254040),(3254050),(3254060),(3254070),(3254080),(3254090),(3254110),(3254120),(3254130),(3254140),(3254150),(3254160),(3254170),(3254180),(3254190),(3254200),(3254210),(3254220),(3254230),(3254240),(3254250),(3254260),(3254270),(3254280),(3254290),(3254300),(3254310),(3254320),(3254330),(3254340),(3254350),(3254360),(3254370),(3254380),(3254390),(3254400),(3254410),(3255000),(3255005),(3255010),(3255020),(3255030),(3255040),(3256000),(3256010),(3256020),(3256030),(3256040),(3256050),(3256055),(3256060),(3256065),(3256070),(3256080),(3257000),(3257010),(3257020),(3257030),(3257040),(3257050),(3257060),(3257070),(3257080),(3257090),(3257110),(3257120),(3257130),(3257140),(3257150),(3257160),(3257170),(3257180),(3257190),(3257906),(3258000),(3258010),(3258020),(3258030),(3258040),(3258050),(3258060),(3258070),(3258080),(3258090),(3259000),(3259010),(3259020),(3259030),(3259040),(3259050),(3259060),(3259070),(3259080),(3259090),(3259110),(3259120),(3260000),(3260005),(3260010),(3260020),(3260030),(3260040),(3261000),(3261010),(3261020),(3261030),(3261040),(3261050),(3261060),(3261070),(3261080),(3261090),(3261110),(3262000),(3262010),(3262030),(3262040),(3262050),(3262060),(3262070),(3262080),(3263000),(3263010),(3263020),(3263030),(3263040),(3263050),(3263060),(3263070),(3263080),(3263090),(3263110),(3263120),(3263130),(3264000),(3264010),(3264020),(3264030),(3264040),(3264050),(3264060),(3264070),(3264080),(3264090),(3264110),(3264120),(3264130),(3264140),(3264150),(3264160),(3264170),(3264180),(3264190),(3264200),(3265000),(3265010),(3265020),(3265030),(3265040),(3265050),(3265060),(3265070),(3265080),(3265090),(3265110),(3265120),(3265130),(3265140),(3265150),(3265160),(3265170),(3265180),(3266000),(3266010),(3266020),(3266030),(3266040),(3266045),(3266050),(3266060),(3266070),(3266080),(3266090),(3266110),(3266120),(3266130),(3266140),(3266150),(3266160),(3266170),(3266180),(3266190),(3266200),(3266210),(3267000),(3267010),(3267020),(3267030),(3267040),(3267050),(3267060),(3267070),(3267080),(3267090),(3267110),(3267120),(3267130),(3267140),(3267150),(3268000),(3268005),(3268010),(3268020),(3268030),(3268040),(3268050),(3268060),(3268070),(3268080),(3268090),(3268110),(3268120),(3268130),(3268140),(3268150),(3268160),(3268170),(3268180),(3268190),(3268200),(3268210),(3268220),(3268230),(3268240),(3269000),(3269010),(3269020),(3269030),(3269035),(3269040),(3269050),(3269060),(3269070),(3269080),(3269090),(3269095),(3269110),(3269120),(3269130),(3269140),(3269150),(3269160),(3269170),(3269180),(3269190),(3269200),(3270000),(3270010),(3270020),(3270030),(3270040),(3270050),(3270060),(3270070),(3270110),(3270130),(3271000),(3271010),(3271020),(3271030),(3271040),(3271050),(3271060),(3271970),(3272000),(3272010),(3272020),(3272030),(3272040),(3272050),(3272060),(3272070),(3272080),(3272090),(3272110),(3272120),(3272130),(3272140),(3272150),(3272160),(3273020),(3273040),(3273050),(3273070),(3273100),(3273105),(3273110),(3273115),(3273120),(3273150),(3273200),(3273300),(3273310),(3273400),(3273405),(3273410),(3273420),(3273430),(3273500),(3273510),(3273520),(3273530),(3273540),(3274000),(3274010),(3274015),(3274020),(3274030),(3274040),(3274050),(3274055),(3274060),(3274070),(3274080),(3274090),(3274110),(3274120),(3274125),(3274130),(3274140),(3274160),(3274170),(3275000),(3275005),(3275007),(3275008),(3275009),(3275010),(3275015),(3275020),(3275030),(3275040),(3275050),(3275060),(3275070),(3275080),(3275090),(3275110),(3275120),(3275130),(3275140),(3275150),(3275160),(3275170),(3275180),(3275900),(3275905),(3276000),(3276005),(3276010),(3276015),(3276017),(3276019),(3276020),(3276025),(3276027),(3276030),(3276040),(3276050),(3276060),(3276070),(3276080),(3276090),(3276110),(3276111),(3276112),(3276113),(3276115),(3276117),(3276119),(3276120),(3276130),(3276135),(3276140),(3276150),(3276160),(3277000),(3277010),(3277015),(3277020),(3277025),(3277030),(3277040),(3277050),(3277060),(3277070),(3277080),(3277090),(3277110),(3277120),(3278000),(3278010),(3278020),(3278030),(3278040),(3278050),(3278060),(3278070),(3278080),(3278090),(3278110),(3278120),(3278130),(3278140),(3278150),(3279000),(3279005),(3279010),(3279020),(3279030),(3279040),(3279050),(3279060),(3279070),(3279080),(3279090),(3279110),(3279120),(3279130),(3279140),(3279145),(3279150),(3279160),(3279170),(3279175),(3279180),(3279190),(3279200),(3279210),(3279220),(3279230),(3279240),(3279250),(3279260),(3279970),(3279972),(3280000),(3280010),(3280020),(3280030),(3280035),(3280040),(3280050),(3280060),(3280070),(3280080),(3280090),(3280110),(3280113),(3280115),(3280117),(3280120),(3280130),(3280140),(3280150),(3280160),(3280170),(3280180),(3280190),(3280900),(3280901),(3281000),(3281001),(3281010),(3281020),(3281030),(3281902),(3281903),(3281904),(3282000),(3282001),(3282009),(3282013),(3282015),(3282017),(3282027),(3282030),(3282035),(3282037),(3282040),(3282050),(3282060),(3282070),(3282075),(3282080),(3282907),(3283000),(3283005),(3283007),(3283008),(3283010),(3283020),(3283030),(3283035),(3283037),(3283040),(3283050),(3283060),(3283070),(3283080),(3283085),(3283090),(3283110),(3283120),(3283123),(3283125),(3283127),(3283130),(3283140),(3283150),(3283160),(3283170),(3283180),(3283190),(3283200),(3283210),(3283220),(3283230),(3283240),(3284000),(3284010),(3284020),(3284030),(3284040),(3284050),(3284060),(3284070),(3284080),(3284090),(3284110),(3284120),(3284130),(3284140),(3284150),(3284160),(3284170),(3284180),(3284190),(3286000),(3286005),(3286010),(3286020),(3286030),(3286040),(3286050),(3286060),(3286070),(3286080),(3286090),(3286095),(3286110),(3286120),(3286130),(3286140),(3286150),(3286160),(3286170),(3286180),(3286190),(3286200),(3286210),(3286220),(3286230),(3286240),(3286250),(3286260),(3287000),(3287010),(3287020),(3287030),(3287040),(3287050),(3287060),(3287070),(3287080),(3287090),(3287110),(3287120),(3287125),(3287130),(3287140),(3287150),(3287160),(3288000),(3288010),(3288020),(3288030),(3288040),(3288050),(3288060),(3288070),(3288075),(3289000),(3289005),(3289007),(3289010),(3289020),(3289030),(3289040),(3289050),(3289060),(3289070),(3289080),(3289090),(3289110),(3289120),(3289130),(3289140),(3289150),(3289160),(3289161),(3289165),(3294100),(3294200),(3294908),(3295000),(3295100),(3295909),(3301000),(3301010),(3302000),(3302010),(3302020),(3302030),(3302040),(3303000),(3303005),(3303010),(3303020),(3303030),(3303050),(3303900),(3303902),(3303904),(3304000),(3304010),(3304020),(3304030),(3304040),(3304050),(3304060),(3304065),(3304070),(3304080),(3304090),(3304100),(3304110),(3304120),(3304130),(3305000),(3305005),(3305010),(3305030),(3306000),(3306010),(3306015),(3306020),(3306030),(3306040),(3306050),(3306060),(3306070),(3306080),(3306085),(3306090),(3306100),(3306900),(3306970),(3307005),(3307010),(3307020),(3307030),(3307040),(3307050),(3307900),(3307970),(3308000),(3308005),(3308010),(3308020),(3308030),(3308040),(3308050),(3308055),(3308060),(3308070),(3308080),(3309000),(3309001),(3309005),(3309007),(3309010),(3309020),(3309025),(3309030),(3309040),(3309050),(3309060),(3309970),(3310000),(3310001),(3310005),(3310010),(3310015),(3310020),(3310030),(3310040),(3310045),(3310050),(3311000),(3311001),(3311002),(3311007),(3311010),(3311020),(3311030),(3311040),(3311050),(3311060),(3311900),(3312000),(3312001),(3312005),(3312006),(3312007),(3312008),(3312009),(3312010),(3312020),(3312030),(3312040),(3312050),(3312052),(3312900),(3313000),(3313001),(3313005),(3313010),(3313020),(3313030),(3313040),(3313050),(3313060),(3313900),(3314000),(3314010),(3314020),(3314030),(3315000),(3316000),(3316010),(3316020),(3316030),(3316040),(3316060),(3316070),(3316080),(3316090),(3316100),(3316110),(3316155),(3316970),(3317000),(3317001),(3317005),(3317007),(3317010),(3317020),(3317025),(3317030),(3317035),(3317038),(3317039),(3317040),(3317045),(3317047),(3317049),(3317050),(3317055),(3317060),(3317070),(3317080),(3317090),(3317100),(3317110),(3318000),(3318005),(3318010),(3318020),(3318030),(3318040),(3318050),(3318060),(3318070),(3318080),(3318090),(3318100),(3318110),(3318900),(3318902),(3319000),(3319001),(3319002),(3319005),(3319010),(3319020),(3319030),(3319040),(3319050),(3319060),(3319070),(3319080),(3319090),(3319095),(3319100),(3319105),(3319110),(3319120),(3319125),(3319130),(3319140),(3319900),(3319901),(3319902),(3320000),(3320001),(3320002),(3320003),(3320005),(3320010),(3320020),(3320030),(3320040),(3320900),(3320901),(3321000),(3321001),(3321003),(3321005),(3321006),(3321007),(3321009),(3321010),(3321020),(3321030),(3321040),(3321050),(3321060),(3321070),(3321900),(3321901),(3322000),(3322001),(3322002),(3322007),(3322010),(3322020),(3322030),(3322040),(3322050),(3322060),(3322070),(3322080),(3322090),(3322900),(3322901),(3323000),(3323020),(3323030),(3323040),(3323045),(3323050),(3323900),(3323902),(3323903),(3324002),(3324005),(3324007),(3324009),(3324010),(3324020),(3324030),(3324040),(3324050),(3324060),(3324070),(3324080),(3324090),(3324100),(3324110),(3324120),(3324130),(3325000),(3325010),(3325020),(3325030),(3325040),(3325050),(3325060),(3325070),(3325080),(3325090),(3325100),(3325110),(3325115),(3325120),(3325130),(3325135),(3325140),(3330000),(3330002),(3330010),(3330020),(3330030),(3330040),(3331000),(3331001),(3331010),(3331015),(3331020),(3331030),(3331900),(3331970),(3331999),(3332000),(3332005),(3332010),(3332020),(3332030),(3332040),(3332050),(3332060),(3332070),(3332080),(3333000),(3333001),(3333005),(3333010),(3333020),(3333025),(3333030),(3333035),(3333040),(3333050),(3333055),(3333060),(3333070),(3333080),(3333090),(3334000),(3334010),(3334013),(3334020),(3334030),(3334040),(3334050),(3334060),(3334070),(3335000),(3335003),(3335005),(3335007),(3335010),(3335020),(3335030),(3335040),(3335045),(3335050),(3335055),(3335060),(3335070),(3335075),(3335080),(3335085),(3335090),(3335092),(3335095),(3335100),(3335105),(3335110),(3335120),(3335130),(3336000),(3336006),(3336007),(3336008),(3336009),(3336010),(3336020),(3336030),(3336040),(3336050),(3336055),(3336060),(3336070),(3336900),(3337000),(3337005),(3337010),(3337020),(3337021),(3337030),(3337040),(3337045),(3337050),(3337055),(3337060),(3337070),(3337075),(3337080),(3337090),(3337900),(3338000),(3338003),(3338010),(3338020),(3338025),(3338030),(3338035),(3338050),(3340000),(3340010),(3342000),(3342001),(3342003),(3342005),(3342010),(3342035),(3342065),(3342900),(3343000),(3343010),(3343015),(3343020),(3343030),(3344000),(3344005),(3344010),(3344015),(3344020),(3344030),(3344040),(3344045),(3344050),(3344060),(3344070),(3344080),(3344090),(3344100),(3344110),(3344120),(3345000),(3345001),(3345002),(3345003),(3345004),(3345005),(3345007),(3345010),(3345020),(3345030),(3345040),(3345050),(3345060),(3345070),(3345900),(3346000),(3346005),(3346010),(3346020),(3346030),(3346040),(3346050),(3346060),(3346070),(3346080),(3346090),(3346100),(3346110),(3346115),(3347000),(3347010),(3347020),(3347021),(3347030),(3347040),(3347050),(3347060),(3347070),(3347080),(3347090),(3347100),(3347110),(3348000),(3348005),(3348010),(3348015),(3348020),(3348025),(3348030),(3348035),(3348040),(3348050),(3348055),(3348060),(3348070),(3348080),(3349000),(3349001),(3349005),(3349010),(3349015),(3349020),(3349030),(3349035),(3349040),(3349045),(3349050),(3349060),(3349065),(3350000),(3350005),(3350010),(3350015),(3350020),(3350030),(3350040),(3350050),(3350060),(3350070),(3350080),(3350090),(3350100),(3350110),(3350120),(3350130),(3350970),(3351000),(3351010),(3351020),(3351030),(3351035),(3351037),(3351040),(3351050),(3351055),(3351060),(3351070),(3351080),(3351085),(3351090),(3351100),(3351105),(3351107),(3351110),(3351120),(3351125),(3351130),(3351140),(3351150),(3355000),(3355003),(3355005),(3355007),(3355008),(3355010),(3355011),(3355020),(3355030),(3355040),(3355050),(3355055),(3356000),(3356001),(3356010),(3356020),(3356030),(3356040),(3356050),(3356060),(3356900),(3356970),(3357000),(3357003),(3357005),(3357010),(3357015),(3357020),(3357025),(3357030),(3357035),(3357037),(3357040),(3357050),(3357060),(3357070),(3357075),(3357080),(3357090),(3357100),(3358000),(3358005),(3358010),(3358020),(3358040),(3358045),(3358050),(3358060),(3358065),(3358070),(3358080),(3358090),(3358100),(3358110),(3358120),(3358130),(3358140),(3358150),(3358160),(3359000),(3359002),(3359005),(3359010),(3359020),(3359025),(3359030),(3359040),(3359050),(3359060),(3359070),(3359080),(3359089),(3359090),(3359095),(3359100),(3359105),(3359110),(3359120),(3359125),(3359130),(3359140),(3360000),(3360010),(3360015),(3360018),(3360020),(3360025),(3360030),(3360040),(3360050),(3360060),(3360070),(3360080),(3360090),(3361000),(3361001),(3361010),(3361020),(3362000),(3362010),(3362015),(3362020),(3362030),(3362040),(3362050),(3362060),(3362063),(3362065),(3362067),(3362070),(3362075),(3362080),(3363000),(3363001),(3363010),(3363020),(3363030),(3363040),(3363050),(3363060),(3363070),(3363080),(3363090),(3363100),(3363105),(3363110),(3363120),(3363130),(3364000),(3364010),(3364020),(3364030),(3364040),(3364050),(3364060),(3364070),(3364080),(3365000),(3365005),(3365010),(3365030),(3365040),(3365050),(3365055),(3365060),(3365070),(3365075),(3365080),(3365090),(3365100),(3365110),(3365112),(3365120),(3365970),(3365999),(3366000),(3366005),(3366010),(3366015),(3366018),(3366020),(3366030),(3366040),(3366045),(3366050),(3366060),(3366070),(3366080),(3366090),(3366100),(3366110),(3366120),(3367000),(3367010),(3367020),(3367030),(3367035),(3367040),(3367045),(3367050),(3367060),(3367070),(3370000),(3370010),(3370020),(3370025),(3370030),(3370040),(3370045),(3370050),(3370055),(3370060),(3371000),(3371001),(3371002),(3371003),(3371004),(3371005),(3371006),(3371007),(3371008),(3371009),(3371010),(3371015),(3371018),(3371020),(3371030),(3371035),(3371040),(3371050),(3372000),(3372005),(3372007),(3372010),(3372015),(3372020),(3372030),(3372040),(3372050),(3372060),(3372070),(3373000),(3373005),(3373008),(3373010),(3373015),(3373020),(3373025),(3373030),(3373033),(3373034),(3373035),(3373037),(3373040),(3373050),(3373060),(3373070),(3373073),(3373075),(3373080),(3373090),(3373093),(3373095),(3373100),(3373105),(3373110),(3373120),(3373123),(3373125),(3374000),(3374001),(3374010),(3374020),(3374030),(3374040),(3374050),(3375000),(3375001),(3375002),(3375003),(3375004),(3375005),(3375010),(3375020),(3375030),(3375040),(3375050),(3375060),(3375070),(3375080),(3375083),(3375085),(3375090),(3375100),(3375105),(3375110),(3375120),(3375130),(3375140),(3375150),(3375160),(3375170),(3375180),(3375190),(3376000),(3376005),(3376007),(3376010),(3376015),(3376020),(3376030),(3376040),(3376050),(3376060),(3376065),(3376070),(3376080),(3376090),(3376100),(3376110),(3376120),(3376130),(3376135),(3376137),(3376140),(3376150),(3376160),(3377000),(3377004),(3377005),(3377010),(3377011),(3377012),(3377014),(3377016),(3377018),(3377020),(3377025),(3377030),(3377037),(3377040),(3377045),(3377050),(3377060),(3377070),(3377080),(3377090),(3377100),(3377110),(3377120),(3377140),(3378000),(3378005),(3378007),(3378010),(3378012),(3378013),(3378014),(3378015),(3378016),(3378018),(3378020),(3378030),(3378040),(3378050),(3378052),(3378055),(3378060),(3378062),(3378065),(3378070),(3378075),(3379000),(3379005),(3379015),(3379020),(3379030),(3379040),(3379050),(3379060),(3379070),(3379080),(3379090),(3379100),(3379105),(3379110),(3379120),(3379130),(3379140),(3379150),(3380000),(3380005),(3380010),(3380020),(3380030),(3380040),(3380050),(3380060),(3380070),(3380080),(3380090),(3380100),(3380110),(3380120),(3380130),(3380140),(3380150),(3380160),(3380190),(3380200),(3380210),(3380220),(3380230),(3380235),(3380237),(3380240),(3380250),(3380260),(3380270),(3381000),(3381001),(3381010),(3381020),(3381030),(3381040),(3381050),(3381060),(3381070),(3381080),(3381090),(3381100),(3381110),(3381120),(3381130),(3381140),(3381150),(3381160),(3382000),(3382010),(3382020),(3382030),(3382040),(3382050),(3382060),(3382070),(3382080),(3382090),(3382100),(3382110),(3382120),(3382130),(3382140),(3382150),(3382160),(3382167),(3382170),(3382180),(3382181),(3382185),(3383000),(3383010),(3383020),(3383030),(3383040),(3383050),(3383055),(3383060),(3383070),(3383075),(3383080),(3383090),(3383100),(3383105),(3383110),(3383120),(3383130),(3383140),(3383150),(3383160),(3383170),(3384000),(3384010),(3384020),(3384030),(3384050),(3385000),(3385005),(3385010),(3385020),(3385030),(3385040),(3385050),(3385060),(3385080),(3385090),(3385100),(3385110),(3385120),(3385130),(3385140),(3385150),(3385160),(3386000),(3386010),(3386020),(3386025),(3386030),(3386040),(3386050),(3386060),(3386070),(3386080),(3386085),(3386090),(3386100),(3386110),(3386115),(3386120),(3386130),(3386140),(3386150),(3386160),(3386170),(3386175),(3386177),(3386180),(3386185),(3386187),(3386190),(3386200),(3386210),(3386220),(3386225),(3386970),(3387000),(3387003),(3387005),(3387007),(3387008),(3387010),(3387020),(3387030),(3387040),(3387050),(3387060),(3387065),(3387070),(3387080),(3387090),(3387100),(3387110),(3387120),(3387130),(3387140),(3387150),(3387160),(3387170),(3387180),(3388000),(3388010),(3388020),(3388030),(3388040),(3388050),(3388060),(3388070),(3388080),(3388090),(3388100),(3388110),(3388120),(3388130),(3388140),(3388150),(3389000),(3389010),(3389020),(3389030),(3389040),(3389050),(3389060),(3389070),(3389080),(3389090),(3389100),(3389110),(3389120),(3390000),(3390001),(3390010),(3390020),(3390030),(3390040),(3390045),(3390050),(3390060),(3390070),(3390080),(3390090),(3401000),(3401001),(3401010),(3401015),(3401020),(3401030),(3401035),(3402000),(3402001),(3402002),(3402003),(3402004),(3402005),(3402010),(3402015),(3402020),(3402030),(3402970),(3402971),(3402999),(3403000),(3403001),(3403002),(3403003),(3403010),(3403020),(3403030),(3404000),(3404010),(3404020),(3404030),(3404040),(3404050),(3404060),(3404070),(3404080),(3404090),(3404100),(3404105),(3404110),(3404115),(3404120),(3404130),(3404135),(3404140),(3404150),(3404160),(3405000),(3405010),(3405020),(3405030),(3405040),(3405045),(3405047),(3405050),(3405060),(3405070),(3405080),(3405090),(3405100),(3405110),(3406000),(3406005),(3406010),(3406020),(3406030),(3406040),(3406045),(3406050),(3406060),(3406070),(3406080),(3406090),(3406100),(3406110),(3406120),(3406130),(3407000),(3407005),(3407010),(3407020),(3407025),(3407030),(3407040),(3407045),(3407050),(3407060),(3407070),(3407080),(3407090),(3407100),(3407103),(3407105),(3408000),(3408010),(3408020),(3408025),(3408027),(3408029),(3408030),(3408040),(3408050),(3408060),(3408070),(3409000),(3409010),(3409020),(3409030),(3409040),(3409050),(3409900),(3410000),(3410005),(3410007),(3410010),(3410015),(3410020),(3410030),(3410040),(3410050),(3410060),(3410070),(3410075),(3410971),(3411000),(3411005),(3411007),(3411010),(3411020),(3411030),(3411040),(3411050),(3411060),(3411065),(3411070),(3411080),(3411090),(3411100),(3411110),(3411120),(3411130),(3411135),(3411140),(3412000),(3412010),(3412015),(3412020),(3412030),(3412040),(3412050),(3412060),(3412070),(3412080),(3412090),(3413000),(3413010),(3413020),(3413030),(3413040),(3413050),(3413060),(3414000),(3414010),(3414020),(3414030),(3414040),(3414050),(3414060),(3414070),(3414080),(3414090),(3414100),(3414110),(3414120),(3414130),(3414135),(3414140),(3414150),(3414160),(3414170),(3414180),(3415000),(3415010),(3415020),(3415030),(3415040),(3415050),(3415060),(3415070),(3415080),(3415085),(3415090),(3415100),(3415110),(3415120),(3416000),(3416010),(3416015),(3416030),(3416035),(3416040),(3416050),(3416060),(3416070),(3416970),(3417000),(3417005),(3417010),(3417020),(3417030),(3417040),(3420000),(3420005),(3420010),(3420020),(3420030),(3420040),(3420050),(3420060),(3420070),(3420080),(3421000),(3421010),(3421015),(3421020),(3421030),(3421040),(3421050),(3421060),(3422000),(3422001),(3422010),(3422015),(3423000),(3423010),(3424000),(3424010),(3424015),(3424020),(3424030),(3424040),(3425000),(3425005),(3425010),(3425020),(3425030),(3425040),(3425045),(3425050),(3425060),(3425070),(3425080),(3426000),(3426010),(3426020),(3426030),(3427000),(3427010),(3427020),(3427030),(3427040),(3427045),(3427050),(3427060),(3427070),(3427080),(3427970),(3428000),(3428010),(3428020),(3428030),(3428040),(3428050),(3428060),(3429000),(3429005),(3429007),(3429010),(3429015),(3429020),(3429030),(3429035),(3429040),(3429050),(3430000),(3430003),(3430005),(3430007),(3430010),(3430015),(3430020),(3430030),(3430045),(3430050),(3431000),(3431005),(3431007),(3431010),(3431020),(3431030),(3431040),(3431050),(3432000),(3432010),(3432015),(3432020),(3432030),(3432040),(3432050),(3432060),(3432070),(3432080),(3432090),(3432100),(3432110),(3433000),(3433010),(3433020),(3433025),(3433030),(3433040),(3433050),(3433060),(3433070),(3433080),(3433090),(3433100),(3434000),(3434010),(3434020),(3434030),(3434040),(3434050),(3434060),(3434070),(3434080),(3434090),(3435000),(3435010),(3435020),(3435030),(3435040),(3435050),(3435060),(3435070),(3436000),(3436003),(3436005),(3436007),(3436009),(3436010),(3436020),(3436030),(3436040),(3436050),(3436060),(3436070),(3436080),(3436090),(3436100),(3437000),(3437005),(3437010),(3437020),(3437030),(3437040),(3437050),(3437060),(3437065),(3437070),(3437075),(3437080),(3437090),(3438000),(3438010),(3438020),(3438030),(3438040),(3438045),(3438047),(3438050),(3438060),(3438070),(3438080),(3438090),(3438100),(3438105),(3440005),(3440010),(3440020),(3440030),(3440040),(3440050),(3440060),(3441000),(3441010),(3441020),(3441030),(3441040),(3441050),(3442000),(3442010),(3442015),(3442020),(3442030),(3442040),(3442050),(3442055),(3442060),(3442070),(3442080),(3442090),(3442100),(3442110),(3442120),(3442130),(3442140),(3443000),(3443010),(3443015),(3443020),(3443030),(3443040),(3443045),(3443050),(3443060),(3443070),(3443080),(3443090),(3444000),(3444010),(3444020),(3444025),(3444030),(3444040),(3444050),(3444060),(3444070),(3444080),(3444090),(3444100),(3444110),(3444120),(3444130),(3445000),(3445010),(3445020),(3445030),(3445035),(3445040),(3445050),(3445060),(3445070),(3446000),(3446010),(3446020),(3446030),(3446040),(3446050),(3446055),(3446060),(3446070),(3446080),(3446090),(3446095),(3447000),(3447005),(3447010),(3447020),(3447030),(3447040),(3447050),(3447055),(3447060),(3447065),(3447067),(3447070),(3447080),(3447090),(3447100),(3447110),(3447120),(3447125),(3447130),(3447140),(3447150),(3447160),(3447170),(3447180),(3448000),(3448010),(3448015),(3448020),(3448030),(3448040),(3448050),(3448060),(3448070),(3448080),(3448100),(3448110),(3448120),(3448125),(3448130),(3449000),(3449005),(3449010),(3449020),(3449025),(3449030),(3449040),(3449050),(3449060),(3449070),(3449075),(3449080),(3449090),(3449970),(3450000),(3450001),(3450005),(3450010),(3450020),(3450030),(3450040),(3450050),(3450060),(3450070),(3450080),(3451000),(3451010),(3451020),(3451030),(3451040),(3451050),(3451060),(3451070),(3451080),(3451090),(3451100),(3451110),(3451120),(3451130),(3452000),(3452005),(3452100),(3452200),(3453000),(3453100),(3453200),(3453900),(3453971),(3454000),(3454010),(3454020),(3454025),(3454030),(3454040),(3454050),(3454060),(3454070),(3454080),(3455000),(3455010),(3455020),(3455030),(3455040),(3455050),(3455060),(3455070),(3455080),(3455090),(3456000),(3456010),(3456020),(3456030),(3456040),(3456050),(3456060),(3456070),(3456080),(3456090),(3456100),(3460000),(3460005),(3460010),(3460020),(3460030),(3460040),(3460050),(3460060),(3460070),(3460080),(3460090),(3460100),(3460110),(3460120),(3460125),(3460130),(3460140),(3460150),(3460160),(3460170),(3460175),(3460180),(3460185),(3460190),(3461000),(3461010),(3461020),(3461030),(3461040),(3461050),(3461060),(3461070),(3461080),(3461090),(3462000),(3462010),(3462020),(3462030),(3462040),(3462050),(3462060),(3462070),(3462075),(3462080),(3462090),(3462095),(3462100),(3462110),(3462120),(3462130),(3462140),(3462145),(3462150),(3462155),(3463000),(3463010),(3463020),(3463025),(3463030),(3463040),(3463050),(3463055),(3463057),(3463060),(3463070),(3463080),(3463090),(3463100),(3463110),(3463120),(3463130),(3463140),(3463150),(3470000),(3470005),(3470010),(3470020),(3470030),(3470040),(3470050),(3470060),(3470070),(3470080),(3470090),(3470100),(3470110),(3470120),(3470130),(3470140),(3470150),(3470160),(3470170),(3470180),(3470190),(3471000),(3471005),(3471010),(3471020),(3471030),(3471040),(3471045),(3471047),(3471050),(3471060),(3471065),(3471070),(3471075),(3471080),(3471090),(3471100),(3471110),(3471120),(3471130),(3471135),(3471140),(3472000),(3472010),(3472020),(3472030),(3472040),(3472045),(3472050),(3472060),(3472070),(3472080),(3472090),(3472100),(3472110),(3472120),(3472125),(3472127),(3472130),(3472140),(3474000),(3474002),(3474003),(3474005),(3474007),(3474010),(3474015),(3474020),(3474021),(3474023),(3474027),(3474030),(3474040),(3474050),(3474055),(3474060),(3474070),(3474080),(3474095),(3475000),(3475005),(3475010),(3475015),(3475020),(3475025),(3475030),(3475040),(3475050),(3475060),(3475070),(3475075),(3475080),(3475090),(3475100),(3475110),(3475120),(3475130),(3475140),(3475150),(3475160),(3475170),(3476000),(3476010),(3476020),(3476023),(3476030),(3476035),(3476040),(3476050),(3476970),(3477000),(3477003),(3477005),(3477010),(3477020),(3477030),(3477040),(3477050),(3477060),(3478000),(3478005),(3478007),(3478010),(3478020),(3478030),(3478035),(3478040),(3478045),(3478050),(3478060),(3478070),(3479000),(3479003),(3479005),(3479010),(3479020),(3479030),(3479040),(3479050),(3479070),(3479080),(3480000),(3480010),(3480020),(3480030),(3480040),(3480050),(3480060),(3480065),(3480070),(3480080),(3480090),(3480100),(3480110),(3490000),(3490010),(3501000),(3501010),(3501015),(3502000),(3502010),(3502020),(3502030),(3502040),(3502050),(3502055),(3502060),(3502070),(3503000),(3503010),(3503020),(3503030),(3504000),(3504010),(3504015),(3504020),(3504021),(3504025),(3504030),(3504035),(3504040),(3504050),(3505000),(3505010),(3505015),(3505020),(3505030),(3505040),(3505050),(3505060),(3506000),(3506010),(3506020),(3506030),(3506050),(3507000),(3507010),(3507015),(3507020),(3508000),(3508001),(3508010),(3508020),(3508030),(3508040),(3509000),(3509005),(3509010),(3509020),(3509030),(3509040),(3509045),(3509050),(3509060),(3509070),(3509080),(3510000),(3510005),(3510010),(3510020),(3510030),(3510040),(3510050),(3511000),(3511010),(3511020),(3511030),(3511040),(3511050),(3511060),(3512000),(3512010),(3512020),(3512030),(3512040),(3512050),(3512970),(3512999),(3513000),(3513005),(3513010),(3513020),(3513030),(3513040),(3513050),(3513060),(3514000),(3514001),(3514002),(3514003),(3514010),(3514020),(3514030),(3514040),(3514050),(3514060),(3514070),(3514075),(3514080),(3515000),(3515005),(3515007),(3515010),(3515020),(3515030),(3515040),(3515050),(3515060),(3515070),(3515080),(3515090),(3515100),(3515110),(3515120),(3515130),(3515140),(3515150),(3515160),(3515170),(3515180),(3515185),(3515190),(3516000),(3516010),(3516020),(3516030),(3516040),(3516050),(3516060),(3516065),(3517000),(3517010),(3517020),(3517030),(3517035),(3517040),(3517050),(3518000),(3518010),(3518020),(3518030),(3518040),(3518050),(3518060),(3518065),(3518070),(3518080),(3518090),(3518100),(3518110),(3519000),(3519010),(3519020),(3519030),(3519040),(3519050),(3519060),(3519070),(3519080),(3520000),(3520005),(3520010),(3520020),(3520030),(3520040),(3520050),(3520060),(3521000),(3521010),(3521020),(3521030),(3521040),(3521050),(3522000),(3522010),(3522020),(3522030),(3522040),(3522050),(3522060),(3522070),(3522080),(3522090),(3523000),(3523010),(3523020),(3523030),(3523040),(3523050),(3523060),(3524000),(3524010),(3524020),(3524030),(3524040),(3524050),(3524060),(3524070),(3524080),(3525000),(3525010),(3525020),(3525030),(3525040),(3525050),(3525060),(3525070),(3525080),(3525090),(3525100),(3525110),(3525120),(3525130),(3525140),(3525150),(3525160),(3525170),(3525180),(3525190),(3525200),(3526000),(3526010),(3526020),(3526030),(3527000),(3527900),(3527901),(3527902),(3527903),(3527904),(3527905),(3527906),(3527907),(3527908),(3527909),(3527910),(3530000),(3530010),(3530020),(3530030),(3530040),(3530050),(3530060),(3530070),(3531000),(3531010),(3531020),(3531030),(3531040),(3531050),(3531060),(3531070),(3531080),(3532000),(3532005),(3532020),(3532030),(3532040),(3532050),(3532060),(3533000),(3533001),(3533002),(3533003),(3533010),(3533020),(3533030),(3533040),(3533971),(3534000),(3534005),(3534010),(3534015),(3534020),(3534030),(3534040),(3534050),(3534060),(3534070),(3534080),(3534090),(3534095),(3534100),(3534110),(3534120),(3534130),(3534140),(3534150),(3534160),(3534170),(3534180),(3534190),(3534200),(3535000),(3540000),(3540100),(3540200),(3541000),(3541005),(3541010),(3541015),(3541020),(3541030),(3541040),(3541050),(3541060),(3541070),(3541080),(3541090),(3541100),(3541105),(3541110),(3541115),(3541120),(3541130),(3541140),(3542000),(3542005),(3542010),(3542020),(3542030),(3542040),(3542050),(3542060),(3542070),(3542080),(3542090),(3542100),(3542110),(3542120),(3542130),(3543000),(3543010),(3543020),(3543030),(3543040),(3543050),(3543060),(3543070),(3543080),(3543090),(3543100),(3543110),(3543120),(3543130),(3543140),(3543150),(3543160),(3544000),(3544005),(3544010),(3544020),(3544030),(3544040),(3544050),(3544060),(3544065),(3544070),(3544080),(3544090),(3544100),(3544110),(3544120),(3545000),(3545010),(3545020),(3545030),(3545040),(3545050),(3545060),(3545070),(3545970),(3546000),(3546010),(3546020),(3547000),(3547010),(3547020),(3547025),(3547030),(3547040),(3547045),(3547050),(3547060),(3547070),(3547080),(3547090),(3547100),(3547110),(3547120),(3547125),(3548000),(3548010),(3548020),(3548030),(3548040),(3548050),(3548060),(3548065),(3548070),(3548080),(3548090),(3550000),(3550010),(3550020),(3550030),(3550040),(3550050),(3550060),(3550070),(3550080),(3550090),(3551000),(3551010),(3551020),(3551030),(3551040),(3551050),(3551060),(3551065),(3551080),(3551090),(3551100),(3551110),(3551120),(3551130),(3552000),(3552010),(3552020),(3552030),(3552040),(3552050),(3552060),(3552070),(3552080),(3552090),(3552100),(3552110),(3552120),(3552130),(3552140),(3552150),(3553000),(3553010),(3553020),(3553030),(3553040),(3553050),(3553060),(3553070),(3553080),(3553090),(3554000),(3554010),(3554015),(3554020),(3554030),(3554040),(3554050),(3554060),(3554070),(3554080),(3554090),(3554100),(3554110),(3554120),(3554130),(3554140),(3554150),(3554160),(3555000),(3555010),(3555020),(3555030),(3555035),(3555040),(3555045),(3555050),(3555060),(3555070),(3555080),(3555090),(3555100),(3556000),(3556010),(3556015),(3556020),(3556030),(3556040),(3556050),(3556055),(3556060),(3556065),(3556070),(3556080),(3556090),(3557000),(3557001),(3557010),(3557020),(3557025),(3557030),(3557040),(3557060),(3557070),(3557075),(3557080),(3557090),(3557100),(3557110),(3557115),(3557120),(3557130),(3557140),(3557150),(3557160),(3557170),(3558000),(3558005),(3558010),(3558020),(3558030),(3558040),(3558050),(3558060),(3558070),(3558080),(3558090),(3558100),(3558110),(3559000),(3559010),(3559020),(3559030),(3559040),(3559050),(3559060),(3559070),(3559080),(3559090),(3560000),(3560005),(3560007),(3560010),(3560020),(3560030),(3560040),(3560050),(3560060),(3560070),(3560080),(3560085),(3560100),(3560110),(3560120),(3560130),(3560140),(3560150),(3560160),(3560170),(3560180),(3560190),(3561000),(3561010),(3561020),(3561030),(3561040),(3561050),(3561060),(3561070),(3561080),(3561090),(3561100),(3562000),(3562005),(3562010),(3562020),(3562030),(3562040),(3562050),(3563000),(3563010),(3563020),(3563030),(3563040),(3563050),(3563060),(3563065),(3563070),(3563080),(3563090),(3563100),(3563110),(3563120),(3563130),(3563140),(3563150),(3563160),(3563170),(3563180),(3563190),(3563200),(3563210),(3563220),(3563221),(3563222),(3563223),(3563224),(3563225),(3563230),(3563240),(3563250),(3563260),(3563270),(3563280),(3563290),(3563295),(3563300),(3563310),(3563320),(3563330),(3563340),(3563350),(3563970),(3563971),(3563999),(3564000),(3564010),(3564020),(3564030),(3564040),(3564050),(3564060),(3565000),(3565010),(3565020),(3565030),(3565040),(3565050),(3566000),(3566005),(3566010),(3566020),(3566030),(3566040),(3567000),(3567010),(3567020),(3567030),(3567040),(3567050),(3567060),(3567070),(3567080),(3567090),(3567100),(3567110),(3567115),(3567120),(3567130),(3567140),(3567150),(3568000),(3568010),(3568020),(3568030),(3568040),(3568050),(3568051),(3568060),(3568065),(3568070),(3568080),(3568970),(3569000),(3569010),(3569020),(3569030),(3570000),(3570010),(3570020),(3570030),(3570040),(3570050),(3570060),(3570070),(3570080),(3570090),(3570100),(3570110),(3570120),(3570130),(3570140),(3570150),(3570160),(3570170),(3570180),(3570190),(3570200),(3570210),(3570220),(3570230),(3570240),(3570250),(3570260),(3570270),(3570280),(3570290),(3570300),(3570310),(3570320),(3570330),(3570340),(3570350),(3570360),(3570370),(3570380),(3570390),(3570400),(3570410),(3570420),(3570430),(3570440),(3570450),(3570460),(3570470),(3570480),(3570490),(3571000),(3571010),(3571020),(3571030),(3571040),(3571050),(3571060),(3571070),(3571080),(3571090),(3571100),(3571110),(3571120),(3571130),(3571140),(3571150),(3571160),(3571170),(3571180),(3571190),(3571200),(3571210),(3571220),(3571230),(3572000),(3572001),(3572002),(3572005),(3572010),(3572013),(3572014),(3572015),(3572017),(3572020),(3572023),(3572025),(3572027),(3572030),(3572040),(3572050),(3572060),(3572070),(3572080),(3572090),(3572100),(3572110),(3572120),(3572130),(3572140),(3572150),(3572160),(3572170),(3572180),(3572190),(3572200),(3572210),(3572220),(3572230),(3572240),(3572250),(3572260),(3572270),(3572280),(3572290),(3572300),(3572305),(3572307),(3572310),(3572317),(3572320),(3572330),(3572340),(3572350),(3572360),(3572370),(3572380),(3572390),(3572400),(3572410),(3572420),(3572970),(3573000),(3573005),(3573010),(3573015),(3573020),(3573030),(3573040),(3573050),(3573060),(3573070),(3573080),(3573090),(3573100),(3573110),(3573120),(3573130),(3573140),(3573150),(3573160),(3573170),(3573175),(3574000),(3574010),(3574020),(3574030),(3574040),(3574050),(3574060),(3574070),(3574080),(3574090),(3574100),(3574110),(3574120),(3574130),(3575000),(3575010),(3575020),(3575030),(3575040),(3575050),(3575060),(3575070),(3575080),(3575090),(3575100),(3575110),(3575120),(3575130),(3575140),(3576000),(3576010),(3576020),(3576030),(3576035),(3576040),(3576050),(3576060),(3576070),(3576080),(3576090),(3576100),(3576110),(3576120),(3576130),(3576140),(3576150),(3576160),(3576170),(3576180),(3576190),(3576200),(3576210),(3577000),(3577010),(3577020),(3577030),(3577035),(3577040),(3577050),(3577060),(3577070),(3577080),(3577085),(3577086),(3577087),(3577090),(3577100),(3577110),(3577120),(3577130),(3578000),(3578010),(3578020),(3578030),(3578040),(3578050),(3578060),(3578070),(3578080),(3578090),(3578100),(3578110),(3578120),(3578130),(3578140),(3578150),(3578160),(3578170),(3578180),(3578190),(3578200),(3578210),(3578220),(3578225),(3579000),(3579010),(3579020),(3579030),(3579040),(3579050),(3579060),(3579070),(3579080),(3579090),(3579100),(3579110),(3579120),(3579130),(3579140),(3579145),(3579150),(3579160),(3579170),(3579180),(3579190),(3579200),(3579210),(3579220),(3579230),(3579240),(3579250),(3579260),(3579270),(3579280),(3579970),(3580000),(3580010),(3580020),(3580030),(3580040),(3580050),(3580060),(3580070),(3580080),(3580090),(3580100),(3580110),(3580120),(3580130),(3580140),(3580150),(3580160),(3580170),(3580180),(3581000),(3581010),(3581020),(3581030),(3581040),(3581050),(3581060),(3581070),(3581080),(3581090),(3581100),(3581110),(3581130),(3581135),(3581140),(3581150),(3581160),(3581170),(3581180),(3581190),(3581200),(3581210),(3582000),(3582010),(3582020),(3582030),(3582040),(3582050),(3582060),(3582070),(3582080),(3582090),(3582100),(3582110),(3582120),(3582130),(3582140),(3582150),(3582160),(3582170),(3582180),(3582190),(3583000),(3583010),(3583020),(3583030),(3583040),(3583045),(3583050),(3583060),(3583070),(3583080),(3583090),(3583100),(3583110),(3583120),(3583130),(3583140),(3583150),(3583160),(3583170),(3583180),(3584000),(3584010),(3584020),(3584030),(3584040),(3584050),(3584060),(3584070),(3584080),(3584090),(3584100),(3584110),(3584120),(3584130),(3584140),(3584150),(3584160),(3584170),(3584172),(3584175),(3584177),(3584178),(3584180),(3585000),(3585010),(3585020),(3585030),(3585040),(3585050),(3585060),(3585070),(3585080),(3585090),(3585100),(3585110),(3585120),(3585130),(3585140),(3585150),(3585155),(3585160),(3585170),(3586000),(3586010),(3586020),(3587000),(3587001),(3587010),(3587020),(3587030),(3587040),(3587050),(3587060),(3587070),(3587080),(3587090),(3588000),(3588010),(3588020),(3588030),(3588040),(3589000),(3589001),(3589010),(3589015),(3589020),(3589030),(3589040),(3589050),(3589053),(3589060),(3589070),(3589080),(3589090),(3589100),(3589110),(3589120),(3589130),(3589140),(3589150),(3589160),(3589170),(3590000),(3590010),(3590020),(3590030),(3590040),(3590050),(3590060),(3590070),(3590080),(3590085),(3590090),(3590100),(3590110),(3590120),(3590130),(3590140),(3590150),(3590160),(3590170),(3590180),(3590190),(3590200),(3590210),(3591000),(3591010),(3591020),(3591030),(3591040),(3591050),(3591060),(3591070),(3591080),(3591090),(3591100),(3591110),(3591120),(3591130),(3591140),(3591150),(3591160),(3591170),(3601000),(3602000),(3602010),(3602020),(3602030),(3602040),(3602050),(3602060),(3602070),(3602080),(3603000),(3603010),(3603020),(3603030),(3603040),(3603050),(3604000),(3604010),(3604020),(3604030),(3604040),(3604050),(3604970),(3605000),(3605010),(3605020),(3605030),(3605040),(3605050),(3605060),(3605070),(3605080),(3605120),(3606000),(3606010),(3606020),(3606030),(3607000),(3607010),(3607020),(3607030),(3607040),(3607050),(3607060),(3607070),(3607080),(3607090),(3607100),(3608000),(3608010),(3608020),(3608030),(3608040),(3608050),(3608060),(3608070),(3608080),(3608090),(3608100),(3608110),(3609000),(3609010),(3609020),(3609030),(3609040),(3609050),(3609060),(3609070),(3609080),(3609090),(3609100),(3609130),(3609150),(3609160),(3610000),(3610010),(3610020),(3610030),(3610040),(3611000),(3611010),(3611020),(3611030),(3611040),(3611050),(3611060),(3611070),(3611080),(3611090),(3612000),(3612010),(3612020),(3612030),(3612040),(3612050),(3612060),(3612070),(3612080),(3612090),(3612130),(3612150),(3612160),(3612170),(3613000),(3613010),(3613020),(3613030),(3613040),(3613050),(3613060),(3613070),(3613080),(3613090),(3613100),(3613110),(3613120),(3613130),(3613140),(3613150),(3613160),(3613170),(3613190),(3613200),(3613970),(3614000),(3614010),(3614020),(3614030),(3614040),(3614050),(3614060),(3614070),(3614080),(3614090),(3614100),(3614900),(3615000),(3615010),(3615020),(3615030),(3615040),(3615050),(3615060),(3615070),(3615080),(3615090),(3615100),(3615110),(3615120),(3616000),(3616010),(3616020),(3616030),(3616040),(3616050),(3616060),(3616070),(3616080),(3616090),(3616100),(3616120),(3616125),(3616130),(3616140),(3616150),(3616160),(3616170),(3616180),(3616190),(3616200),(3616210),(3616220),(3617000),(3617010),(3617020),(3617030),(3617040),(3617050),(3617060),(3617070),(3617080),(3617090),(3617100),(3617110),(3617120),(3617130),(3617140),(3617150),(3617160),(3617180),(3617190),(3617210),(3617220),(3617900),(3618000),(3618010),(3618020),(3618030),(3618040),(3618050),(3618060),(3618070),(3618080),(3618090),(3618100),(3618110),(3618120),(3618130),(3618160),(3619000),(3619100),(3620000),(3620001),(3620020),(3621000),(3621010),(3621020),(3621030),(3621040),(3621050),(3621060),(3621070),(3621080),(3621090),(3621100),(3621110),(3621120),(3621130),(3621150),(3621160),(3621170),(3622000),(3622010),(3622020),(3622025),(3622030),(3622040),(3622050),(3622060),(3622070),(3622080),(3622090),(3622110),(3623000),(3623010),(3623015),(3623020),(3623030),(3623040),(3623050),(3623060),(3623070),(3623080),(3623090),(3623110),(3623130),(3623140),(3624000),(3624010),(3624020),(3624030),(3624040),(3624050),(3624060),(3624070),(3624080),(3624090),(3624100),(3624110),(3624120),(3624130),(3624131),(3624140),(3624150),(3624160),(3624180),(3625000),(3625010),(3625020),(3625030),(3625040),(3625050),(3625060),(3625070),(3625080),(3625090),(3625100),(3625110),(3625120),(3625125),(3625130),(3625140),(3625150),(3625160),(3625180),(3625190),(3625200),(3626000),(3626005),(3626010),(3626020),(3626030),(3626040),(3626050),(3626060),(3626070),(3626080),(3626090),(3626100),(3626110),(3626120),(3626130),(3626140),(3626150),(3627000),(3627010),(3627020),(3627030),(3627040),(3627050),(3627070),(3627080),(3627090),(3627100),(3627110),(3627120),(3627130),(3627140),(3627160),(3627170),(3627180),(3627190),(3627200),(3627210),(3627220),(3627240),(3630000),(3630010),(3630020),(3630030),(3630040),(3630050),(3630060),(3630070),(3630080),(3630090),(3630100),(3630120),(3630200),(3630900),(3631000),(3631010),(3631020),(3631030),(3631040),(3631050),(3631060),(3631080),(3631090),(3631100),(3631120),(3631130),(3631150),(3631160),(3631170),(3631180),(3631190),(3631220),(3631230),(3632000),(3632010),(3632020),(3632030),(3632040),(3632045),(3632050),(3632060),(3632070),(3632080),(3632970),(3632999),(3633000),(3633010),(3633020),(3633030),(3633040),(3633050),(3633060),(3633070),(3633080),(3633090),(3633100),(3633110),(3633120),(3633130),(3633150),(3634000),(3634001),(3634010),(3634020),(3634030),(3634040),(3634050),(3634060),(3634080),(3634090),(3634100),(3634110),(3634120),(3634130),(3634150),(3634170),(3634900),(3635000),(3635001),(3635020),(3635030),(3635050),(3635060),(3636000),(3636100),(3637000),(3637010),(3637020),(3637030),(3637035),(3637040),(3637050),(3637060),(3637070),(3637100),(3637110),(3637200),(3638000),(3638010),(3638020),(3638030),(3638035),(3638040),(3638050),(3638060),(3638070),(3638080),(3638090),(3638100),(3638110),(3638120),(3638130),(3638140),(3638150),(3639000),(3639010),(3639020),(3639030),(3639040),(3639050),(3639060),(3639070),(3639080),(3640000),(3640010),(3640020),(3640030),(3640040),(3640050),(3640070),(3640180),(3640900),(3641000),(3641010),(3641020),(3641030),(3641040),(3641050),(3641060),(3641080),(3641090),(3641105),(3641110),(3642000),(3642010),(3642020),(3642030),(3642040),(3642050),(3642060),(3642070),(3642080),(3642090),(3642100),(3642110),(3642120),(3642140),(3643000),(3643010),(3643020),(3643030),(3643040),(3643050),(3643060),(3643070),(3643080),(3643090),(3644000),(3644003),(3644010),(3644020),(3644030),(3644040),(3644070),(3644080),(3644090),(3645000),(3645010),(3645020),(3645030),(3645040),(3645050),(3645060),(3645070),(3645080),(3645090),(3646000),(3646010),(3646020),(3646030),(3646040),(3646050),(3646060),(3646070),(3647000),(3647010),(3647020),(3647030),(3647040),(3647050),(3647060),(3648000),(3648020),(3648030),(3648050),(3648060),(3648070),(3648080),(3648090),(3649000),(3649010),(3649020),(3649030),(3649040),(3650000),(3650010),(3650020),(3650030),(3650040),(3650050),(3651000),(3651010),(3651020),(3651030),(3651040),(3651050),(3651060),(3651070),(3651080),(3651090),(3651100),(3651110),(3651120),(3651130),(3651140),(3651150),(3651160),(3651170),(3651180),(3651190),(3651200),(3651220),(3651230),(3651330),(3652000),(3653000),(3653010),(3653970),(3653999),(3654000),(3654010),(3654020),(3654030),(3654040),(3654050),(3654060),(3654070),(3654080),(3654090),(3654100),(3654110),(3654120),(3654130),(3654140),(3654160),(3654170),(3654180),(3654230),(3655000),(3655010),(3655020),(3655030),(3655040),(3655050),(3655060),(3655070),(3655080),(3655090),(3656000),(3656010),(3656020),(3656030),(3656040),(3656050),(3656060),(3656070),(3656080),(3656090),(3656100),(3656120),(3657000),(3657010),(3657020),(3657030),(3657040),(3657050),(3657060),(3657065),(3657070),(3657075),(3657080),(3657090),(3657100),(3657110),(3658000),(3658001),(3658010),(3658011),(3658020),(3658030),(3658040),(3658050),(3658060),(3658070),(3658080),(3658090),(3658130),(3658150),(3658970),(3659000),(3659010),(3659020),(3659030),(3659040),(3659050),(3659060),(3659070),(3659080),(3659090),(3659100),(3659110),(3659120),(3659130),(3659140),(3659150),(3659160),(3659170),(3659180),(3659190),(3659200),(3659210),(3660000),(3660010),(3660020),(3660030),(3660040),(3660050),(3660060),(3660070),(3660080),(3661000),(3661005),(3661010),(3661020),(3661030),(3661040),(3661050),(3661060),(3661070),(3662000),(3662010),(3662020),(3662030),(3662040),(3662050),(3662060),(3662070),(3662080),(3663000),(3663010),(3663020),(3663030),(3663040),(3663050),(3663060),(3663070),(3663080),(3663090),(3664000),(3664010),(3664015),(3664020),(3664030),(3664040),(3664050),(3664060),(3664070),(3664090),(3664100),(3664970),(3665000),(3665010),(3665020),(3665030),(3665040),(3665050),(3665060),(3665070),(3666000),(3666010),(3666020),(3666030),(3666040),(3666050),(3666060),(3666080),(3666090),(3666100),(3666105),(3666110),(3667000),(3667010),(3667020),(3667030),(3667040),(3667050),(3667060),(3667070),(3668000),(3668010),(3668020),(3668030),(3668040),(3668050),(3668060),(3668070),(3668080),(3668090),(3668100),(3668150),(3669000),(3669010),(3669020),(3669030),(3669040),(3669050),(3669060),(3669070),(3669080),(3669090),(3669100),(3670000),(3670005),(3670010),(3670020),(3670030),(3670040),(3670050),(3670060),(3670070),(3670080),(3671000),(3671010),(3671020),(3671030),(3671050),(3671070),(3671080),(3671090),(3671100),(3671120),(3671130),(3672000),(3672010),(3672020),(3672030),(3672040),(3672050),(3673000),(3673010),(3673020),(3673030),(3673040),(3673050),(3673060),(3673070),(3673080),(3673090),(3674000),(3674010),(3674020),(3674030),(3674040),(3674050),(3674060),(3674070),(3674080),(3674100),(3674110),(3675000),(3675010),(3675020),(3675030),(3675040),(3675050),(3675060),(3675070),(3675080),(3675090),(3675110),(3675120),(3676000),(3676010),(3676020),(3676030),(3676040),(3676050),(3676060),(3676065),(3676070),(3676080),(3676090),(3676100),(3676110),(3676120),(3677000),(3677010),(3677020),(3677030),(3677040),(3677050),(3677060),(3677070),(3677080),(3677090),(3677100),(3677110),(3677130),(3677140),(3677150),(3677160),(3677170),(3677180),(3677190),(3677210),(3677220),(3677230),(3678000),(3678010),(3678020),(3678030),(3678040),(3678050),(3678060),(3678070),(3678080),(3678090),(3678100),(3678110),(3678120),(3678130),(3678140),(3678150),(3678170),(3679000),(3679010),(3679020),(3679030),(3679040),(3679050),(3679060),(3679070),(3679080),(3679090),(3679100),(3679110),(3679120),(3679130),(3679140),(3679150),(3679160),(3679170),(3679180),(3679200),(3679210),(3679220),(3680000),(3680010),(3680020),(3680030),(3680040),(3680050),(3680060),(3680070),(3680080),(3680120),(3680180),(3681000),(3681010),(3681020),(3681030),(3681040),(3681050),(3681070),(3682000),(3682010),(3682020),(3682030),(3682040),(3682050),(3682060),(3682070),(3682080),(3682090),(3682100),(3682110),(3682120),(3682130),(3682150),(3682160),(3683000),(3683010),(3683020),(3683030),(3683040),(3683050),(3683060),(3683070),(3683080),(3683090),(3683095),(3683100),(3683110),(3683120),(3683140),(3683150),(3683180),(3685000),(3685010),(3685020),(3685030),(3685040),(3685050),(3685060),(3685070),(3685080),(3685090),(3685100),(3685110),(3685120),(3685140),(3685160),(3687000),(3687010),(3687020),(3687040),(3687050),(3687060),(3687070),(3687075),(3687080),(3687090),(3687100),(3687110),(3687120),(3687160),(3687170),(3687180),(3687190),(3688000),(3688010),(3688020),(3688030),(3688040),(3688050),(3688060),(3688070),(3688080),(3688090),(3688100),(3688110),(3688120),(3688130),(3688140),(3688150),(3689000),(3689010),(3689020),(3689030),(3689035),(3689040),(3689050),(3689060),(3689070),(3689080),(3690000),(3690010),(3690020),(3690030),(3690040),(3690050),(3690060),(3690070),(3690080),(3690090),(3691000),(3691010),(3691020),(3691030),(3691040),(3691050),(3691060),(3691070),(3691080),(3691090),(3691100),(3691110),(3691120),(3691130),(3691140),(3691150),(3691160),(3691170),(3691180),(3691190),(3691200),(3691210),(3692000),(3692010),(3692020),(3692030),(3692040),(3692050),(3692060),(3692070),(3692090),(3693000),(3693010),(3693020),(3693030),(3693040),(3693050),(3693060),(3693070),(3693080),(3693090),(3693100),(3693110),(3693120),(3693130),(3693140),(3693150),(3693160),(3693170),(3693180),(3693190),(3693200),(3693210),(3693220),(3693240),(3693250),(3693260),(3693270),(3694000),(3694010),(3694020),(3694030),(3694040),(3694050),(3694060),(3694070),(3694080),(3694090),(3694100),(3694110),(3694120),(3694130),(3694140),(3694150),(3694160),(3694180),(3694190),(3694200),(3694210),(3694220),(3694230),(3694350),(3694900),(3694970),(3695010),(3701000),(3701001),(3701002),(3701005),(3701006),(3701010),(3701011),(3701012),(3702000),(3702010),(3702020),(3702030),(3702040),(3702050),(3703000),(3703005),(3703010),(3703020),(3703030),(3703040),(3703045),(3703050),(3703060),(3703070),(3703080),(3703085),(3703090),(3703100),(3703110),(3703120),(3703130),(3703140),(3703150),(3703160),(3704000),(3704005),(3704010),(3704015),(3704020),(3704900),(3707000),(3707010),(3707015),(3707020),(3707030),(3707040),(3707050),(3707055),(3707060),(3707070),(3707080),(3707090),(3707092),(3707095),(3707100),(3707110),(3707120),(3707130),(3707140),(3707150),(3710000),(3710005),(3710010),(3710020),(3710030),(3710040),(3710050),(3710060),(3710065),(3710070),(3710080),(3710090),(3710100),(3710110),(3710115),(3710120),(3710130),(3710140),(3711002),(3711003),(3711004),(3711005),(3711006),(3711007),(3711008),(3711009),(3711010),(3711011),(3711012),(3711013),(3712000),(3712002),(3712003),(3712004),(3712005),(3712006),(3712007),(3712008),(3712010),(3712020),(3712030),(3712040),(3712050),(3712060),(3712070),(3712080),(3712090),(3712970),(3712971),(3712972),(3712999),(3713000),(3713010),(3713020),(3713025),(3713030),(3713040),(3713050),(3713060),(3713070),(3713080),(3713120),(3714000),(3714010),(3714020),(3714025),(3714030),(3714040),(3714050),(3714060),(3714070),(3714080),(3714090),(3714100),(3715000),(3715010),(3715020),(3715030),(3715040),(3715050),(3715055),(3715060),(3715070),(3715075),(3715080),(3715090),(3715100),(3715110),(3715120),(3715130),(3715140),(3715150),(3716000),(3716010),(3716020),(3716030),(3716040),(3716050),(3716060),(3716070),(3716080),(3716090),(3716100),(3716110),(3716120),(3716130),(3716140),(3716150),(3716160),(3716170),(3716180),(3716190),(3716200),(3716220),(3716230),(3717000),(3717001),(3717002),(3717003),(3717004),(3717010),(3717015),(3717017),(3717020),(3717025),(3717026),(3717027),(3717030),(3717035),(3717036),(3717037),(3717038),(3717039),(3717040),(3717045),(3717050),(3717060),(3717070),(3717080),(3717090),(3717100),(3717110),(3717115),(3717120),(3717125),(3717130),(3717140),(3717150),(3717160),(3717170),(3717180),(3717190),(3717195),(3717200),(3717210),(3717220),(3717225),(3717230),(3718000),(3718010),(3718015),(3718020),(3718030),(3718040),(3718050),(3718060),(3718070),(3718080),(3718090),(3719000),(3720000),(3720010),(3720015),(3720020),(3720030),(3720035),(3720040),(3720045),(3720050),(3720055),(3720057),(3720060),(3720065),(3720070),(3720080),(3720090),(3720100),(3720110),(3720120),(3720130),(3720140),(3720150),(3720160),(3720170),(3720180),(3720190),(3720200),(3720210),(3720230),(3720240),(3720250),(3720260),(3721000),(3721010),(3721020),(3721030),(3721035),(3721036),(3721040),(3721050),(3721060),(3721070),(3721075),(3721080),(3721090),(3721100),(3721110),(3721120),(3721130),(3721140),(3721150),(3721160),(3721170),(3721180),(3721190),(3721210),(3721220),(3721230),(3725000),(3725010),(3725020),(3725030),(3725040),(3725050),(3725060),(3725070),(3725080),(3725090),(3725100),(3725110),(3725120),(3725130),(3725160),(3726000),(3726010),(3726020),(3726025),(3726030),(3726031),(3726035),(3726040),(3726050),(3726055),(3726060),(3726070),(3726080),(3726082),(3726084),(3726085),(3726100),(3726110),(3726120),(3726130),(3726140),(3726150),(3726170),(3726180),(3726190),(3726195),(3726200),(3727000),(3727010),(3727020),(3727030),(3727040),(3727050),(3727060),(3727070),(3727080),(3727090),(3727095),(3728000),(3728002),(3728005),(3728010),(3728020),(3728025),(3728030),(3728040),(3728050),(3728060),(3728070),(3728090),(3728100),(3728110),(3728120),(3728130),(3728140),(3728150),(3728160),(3728180),(3728190),(3728200),(3728205),(3728210),(3728220),(3728230),(3728240),(3728250),(3728255),(3729000),(3729005),(3729010),(3729015),(3729020),(3729030),(3729040),(3729050),(3729060),(3729070),(3729080),(3729100),(3729110),(3729120),(3729130),(3729140),(3729150),(3729160),(3729165),(3729170),(3729180),(3729190),(3729200),(3729210),(3729220),(3729230),(3729240),(3729250),(3729900),(3730000),(3730010),(3730020),(3730030),(3730040),(3730050),(3730060),(3731000),(3731010),(3731020),(3731030),(3731035),(3731037),(3731040),(3731050),(3731060),(3731070),(3731080),(3731090),(3731100),(3731110),(3731120),(3731123),(3731124),(3731125),(3731130),(3731132),(3731135),(3731140),(3731150),(3731155),(3731160),(3731165),(3731170),(3731180),(3731190),(3731200),(3731900),(3732000),(3732010),(3732015),(3732020),(3732030),(3732040),(3732045),(3732050),(3732060),(3732070),(3732080),(3732090),(3732100),(3732105),(3732110),(3732120),(3732130),(3732140),(3732145),(3732150),(3732160),(3732170),(3732180),(3732190),(3733000),(3733005),(3733010),(3733020),(3733030),(3733040),(3733050),(3733060),(3733080),(3733090),(3733100),(3733110),(3733120),(3733130),(3733140),(3733150),(3733160),(3733170),(3733180),(3733185),(3733190),(3733200),(3733210),(3733220),(3733240),(3733250),(3733900),(3734000),(3734010),(3734020),(3734030),(3734040),(3734050),(3734070),(3734080),(3734090),(3734100),(3734110),(3734120),(3734130),(3734140),(3734150),(3734160),(3734170),(3734180),(3734200),(3734210),(3734220),(3734230),(3734240),(3734250),(3734260),(3734270),(3734280),(3734285),(3734290),(3734305),(3734310),(3734330),(3735000),(3735005),(3735007),(3735010),(3735020),(3735030),(3735040),(3735045),(3735050),(3735055),(3735060),(3735065),(3735070),(3735080),(3735090),(3735100),(3735110),(3735120),(3735130),(3735140),(3735145),(3735150),(3735160),(3735170),(3735180),(3735190),(3735200),(3735210),(3735220),(3735230),(3735240),(3735250),(3735260),(3735270),(3735280),(3735290),(3735300),(3735310),(3735320),(3735330),(3735340),(3735370),(3735380),(3736000),(3736005),(3736010),(3736020),(3736030),(3736040),(3736050),(3736060),(3736070),(3736080),(3736090),(3736100),(3736110),(3736120),(3736130),(3736140),(3736150),(3736160),(3736161),(3736170),(3736180),(3736185),(3736190),(3736200),(3736210),(3736220),(3736230),(3736240),(3737000),(3737005),(3737007),(3737010),(3737015),(3737016),(3737020),(3737030),(3737035),(3737040),(3737050),(3737060),(3737070),(3737080),(3737090),(3737100),(3737110),(3737120),(3737140),(3737150),(3737160),(3737170),(3737180),(3737190),(3737200),(3737210),(3737220),(3737225),(3737230),(3737235),(3737240),(3737250),(3737260),(3737290),(3738000),(3738005),(3738010),(3738020),(3738030),(3738040),(3738050),(3738060),(3738070),(3738080),(3738090),(3738100),(3738110),(3738120),(3738130),(3738140),(3738150),(3738160),(3738170),(3738180),(3738190),(3738200),(3738210),(3738220),(3738230),(3738240),(3738250),(3738260),(3739000),(3755000),(3755010),(3755020),(3755030),(3755040),(3755050),(3755055),(3755060),(3755070),(3755080),(3755090),(3755095),(3755100),(3755105),(3755110),(3755120),(3756000),(3756005),(3756010),(3756020),(3756030),(3756040),(3756050),(3756060),(3756070),(3756075),(3756080),(3756090),(3756100),(3756110),(3756120),(3756130),(3756140),(3756150),(3756155),(3756160),(3756170),(3756180),(3756190),(3757000),(3757010),(3757020),(3757030),(3757040),(3757050),(3757060),(3757070),(3757080),(3757090),(3757100),(3758000),(3758010),(3758020),(3758030),(3758040),(3758050),(3758060),(3758070),(3758080),(3758090),(3758100),(3758110),(3758120),(3758130),(3758140),(3758150),(3758160),(3758170),(3758180),(3759000),(3759010),(3759020),(3759030),(3759040),(3759050),(3801000),(3801010),(3801020),(3801030),(3801040),(3801050),(3801060),(3801065),(3801070),(3801080),(3801090),(3801100),(3801110),(3801120),(3802000),(3802002),(3802005),(3802010),(3802015),(3802020),(3802030),(3802040),(3802050),(3803000),(3803005),(3803007),(3803010),(3803020),(3803030),(3803040),(3803045),(3803050),(3803060),(3803070),(3803080),(3803090),(3803100),(3803110),(3803120),(3803140),(3803150),(3803160),(3804000),(3804010),(3804020),(3804030),(3804040),(3804050),(3804060),(3804062),(3804065),(3804070),(3804080),(3804090),(3804100),(3804110),(3804115),(3804118),(3804120),(3804130),(3804140),(3804150),(3804160),(3804170),(3804180),(3804190),(3804200),(3804220),(3805000),(3805010),(3805020),(3805030),(3805040),(3805045),(3805050),(3805060),(3805070),(3805075),(3805080),(3805085),(3805090),(3805100),(3805110),(3805120),(3805130),(3805140),(3805150),(3805160),(3805170),(3805180),(3805190),(3805200),(3806000),(3806003),(3806005),(3806006),(3806007),(3806008),(3806010),(3806015),(3806020),(3806030),(3806040),(3806050),(3806060),(3806070),(3806080),(3806090),(3806100),(3806110),(3806130),(3806970),(3806971),(3807000),(3807010),(3807020),(3807025),(3807030),(3807040),(3807050),(3807060),(3807070),(3807080),(3807090),(3807100),(3807110),(3807120),(3807130),(3807140),(3807150),(3807160),(3807170),(3807180),(3807190),(3807200),(3807210),(3807220),(3807230),(3807240),(3807250),(3807260),(3807270),(3807280),(3807285),(3807290),(3807300),(3807310),(3807315),(3807320),(3807330),(3807340),(3807350),(3807360),(3807370),(3807375),(3807380),(3807390),(3807400),(3807410),(3807420),(3807430),(3807440),(3807445),(3808000),(3808010),(3808020),(3808030),(3808040),(3808050),(3808060),(3808070),(3808080),(3808090),(3808100),(3808110),(3808120),(3808130),(3808140),(3808150),(3808160),(3808170),(3809000),(3809010),(3809020),(3809030),(3809040),(3809050),(3809060),(3809070),(3809080),(3809090),(3809100),(3809110),(3809120),(3809130),(3809140),(3809150),(3809160),(3809170),(3809180),(3810000),(3810010),(3810015),(3810020),(3810030),(3810040),(3810043),(3810045),(3810050),(3810060),(3810080),(3810090),(3810100),(3810110),(3810115),(3810120),(3810130),(3810140),(3810150),(3810970),(3811000),(3811005),(3811010),(3811015),(3811020),(3811025),(3811030),(3811040),(3811050),(3811060),(3811070),(3811080),(3811090),(3811100),(3811110),(3811120),(3811125),(3812000),(3812005),(3812010),(3812020),(3812025),(3812030),(3812035),(3812040),(3812050),(3812060),(3812070),(3812080),(3812090),(3812100),(3812110),(3812120),(3812130),(3812140),(3812150),(3812160),(3812170),(3812180),(3812190),(3812200),(3812210),(3812215),(3812230),(3812240),(3812250),(3813000),(3813002),(3813003),(3813005),(3813010),(3813015),(3813020),(3813030),(3813035),(3813040),(3813050),(3813060),(3813065),(3813070),(3813080),(3813090),(3813100),(3813105),(3813110),(3813120),(3813130),(3813140),(3813150),(3813160),(3813170),(3813180),(3813190),(3813200),(3813210),(3813220),(3813230),(3813240),(3813250),(3813260),(3813270),(3813280),(3813290),(3813300),(3813310),(3813320),(3813330),(3813340),(3813350),(3813360),(3813370),(3813380),(3813390),(3813400),(3813410),(3813420),(3813430),(3813440),(3813450),(3813900),(3814000),(3814003),(3814005),(3814010),(3814020),(3814030),(3814040),(3814050),(3814060),(3814065),(3814070),(3814075),(3814080),(3814090),(3814100),(3814110),(3814120),(3816000),(3816005),(3816010),(3816020),(3816030),(3816040),(3816050),(3816060),(3816070),(3816080),(3816090),(3816100),(3816110),(3816120),(3816130),(3816140),(3816150),(3816160),(3816170),(3816180),(3816185),(3816190),(3816210),(3816220),(3817000),(3817010),(3817015),(3817020),(3817030),(3817040),(3817050),(3817060),(3817070),(3817080),(3817090),(3817100),(3817110),(3817120),(3817125),(3817130),(3817140),(3817150),(3817160),(3817170),(3817180),(3817200),(3817210),(3817220),(3817230),(3817240),(3817250),(3817260),(3817270),(3818000),(3818005),(3818007),(3818010),(3818020),(3818025),(3818030),(3818035),(3818040),(3818050),(3818060),(3818070),(3818080),(3818100),(3818110),(3818115),(3818120),(3818130),(3818140),(3818150),(3818160),(3818170),(3818180),(3818190),(3818200),(3818210),(3819000),(3819005),(3819010),(3819015),(3819020),(3819030),(3819035),(3819040),(3819050),(3819060),(3819070),(3819080),(3819090),(3819100),(3819105),(3819110),(3819120),(3819130),(3819140),(3819150),(3819154),(3819155),(3819160),(3819170),(3819180),(3819190),(3819200),(3819210),(3819220),(3819240),(3819250),(3819260),(3819270),(3819280),(3819290),(3819300),(3819310),(3819320),(3819330),(3819340),(3819350),(3819360),(3820000),(3820010),(3820020),(3820030),(3820040),(3820050),(3820060),(3820070),(3820080),(3820090),(3820100),(3820110),(3820120),(3820130),(3820140),(3820145),(3820150),(3820160),(3820170),(3820180),(3820190),(3820200),(3820210),(3820220),(3820230),(3820240),(3820250),(3820260),(3820270),(3820280),(3820290),(3820300),(3820310),(3820320),(3820900),(3821000),(3821010),(3821020),(3821030),(3821035),(3821040),(3821050),(3821060),(3821070),(3821080),(3821090),(3821100),(3821110),(3821120),(3821130),(3821140),(3821150),(3821160),(3821170),(3821180),(3821190),(3821200),(3821210),(3821220),(3821230),(3821240),(3821250),(3821255),(3821260),(3821265),(3821270),(3821275),(3821900),(3822000),(3822005),(3822006),(3822010),(3822020),(3822030),(3822900),(3823000),(3823010),(3823020),(3823030),(3823040),(3823050),(3823060),(3823070),(3823080),(3823090),(3823100),(3823110),(3823120),(3823130),(3823131),(3823132),(3823133),(3823134),(3823135),(3823136),(3823137),(3823140),(3823150),(3823152),(3823154),(3823155),(3823160),(3823170),(3823180),(3823190),(3823200),(3823210),(3823220),(3823230),(3823240),(3823250),(3823260),(3823270),(3823280),(3823290),(3823300),(3823310),(3827000),(3827001),(3827900),(3827902),(3827903),(3828000),(3828010),(3828030),(3828035),(3828040),(3828050),(3828060),(3828070),(3828080),(3828090),(3828100),(3828110),(3828120),(3828130),(3828140),(3828150),(3828160),(3828170),(3828180),(3828900),(3870000),(3870010),(3870020),(3870030),(3870100),(3871000),(3871100),(3871970),(3872000),(3872010),(3872020),(3872030),(3873000),(3873010),(3873020),(3873100),(3874000),(3874010),(3874020),(3874030),(3874040),(3874100),(3874200),(3874300),(3875000),(3875010),(3875020),(3875030),(3876110),(3876140),(3876200),(3877000),(3877100),(3877110),(3877120),(3877130),(3877200),(3878000),(3878020),(3878030),(3880000),(3880010),(3880020),(3880030),(3880040),(3880050),(3880060),(3880070),(3880080),(3880090),(3880100),(3880110),(3880120),(3881000),(3881100),(3881110),(3881120),(3881130),(3881140),(3881150),(3881160),(3881170),(3881180),(3882000),(3882010),(3882020),(3882100),(3882110),(3882120),(3882130),(3882140),(3882150),(3882160),(3882170),(3882180),(3883000),(3883010),(3883020),(3883030),(3883040),(3884000),(3884010),(3884020),(3884030),(3884040),(3884050),(3884060),(3884070),(3884080),(3884100),(3886000),(3886010),(3886020),(3886030),(3886040),(3887000),(3887010),(3887020),(3887030),(3887040),(3887050),(3888000),(3888010),(3888020),(3888030),(3888040),(3888050),(3889000),(3889100),(3890000),(3890100),(3890110),(3891000),(3891010),(3891020),(3891030),(3891040),(3891050),(3891060),(3892000),(3892010),(3892020),(3892030),(3892040),(3892050),(3892060),(3892070),(3892080),(3892090),(3892100),(3892110),(3893000),(3893010),(3893020),(3893030),(3893040),(3893050),(3893060),(3894000),(3894010),(3894020),(3894100),(3894110),(3894120),(3894200),(3894210),(3894220),(3894225),(3894240),(3894250),(3895000),(3895010),(3895020),(3895030),(3895040),(3895050),(3895060),(3896000),(3896010),(3896020),(3896030),(3896100),(3901000),(3901010),(3901020),(3901030),(3904000),(3904010),(3904020),(3904030),(3904040),(3904050),(3904060),(3904070),(3904080),(3904090),(3904100),(3904103),(3904110),(3904120),(3904130),(3905000),(3905010),(3905020),(3905030),(3905040),(3905050),(3905060),(3905070),(3905080),(3905090),(3905100),(3905110),(3906000),(3906010),(3906020),(3906030),(3906040),(3906050),(3906060),(3906070),(3906080),(3906090),(3906100),(3906110),(3906120),(3906130),(3906140),(3906150),(3907000),(3907010),(3907020),(3907030),(3907040),(3907050),(3907060),(3907070),(3907080),(3907090),(3907100),(3907110),(3907120),(3908000),(3908010),(3908020),(3908030),(3908040),(3908045),(3908050),(3908055),(3908060),(3908070),(3908080),(3908090),(3908100),(3908110),(3908120),(3908130),(3908140),(3908150),(3908160),(3908170),(3908180),(3908190),(3908200),(3908210),(3908220),(3908230),(3908240),(3908250),(3908270),(3908280),(3908290),(3908300),(3908320),(3908330),(3909000),(3909010),(3909020),(3909030),(3909040),(3909050),(3909060),(3909070),(3909080),(3909090),(3909100),(3909110),(3909120),(3909130),(3909140),(3909150),(3909160),(3909170),(3909180),(3909190),(3909200),(3909210),(3909220),(3910000),(3910020),(3910030),(3910035),(3910040),(3910050),(3910060),(3910070),(3910080),(3910090),(3910100),(3911000),(3911010),(3911015),(3911020),(3911040),(3911050),(3911060),(3911070),(3911080),(3911085),(3911090),(3911100),(3911110),(3911120),(3911130),(3911140),(3911155),(3911160),(3911170),(3911180),(3911190),(3911210),(3912000),(3912010),(3912020),(3912030),(3912040),(3912050),(3912060),(3912070),(3912080),(3912090),(3912110),(3912120),(3912130),(3912140),(3912150),(3912160),(3912170),(3912180),(3912190),(3912200),(3912210),(3912220),(3912230),(3912240),(3912250),(3912270),(3912280),(3912290),(3912310),(3912320),(3916000),(3916010),(3917000),(3917010),(3917020),(3917030),(3917040),(3917050),(3917060),(3917070),(3917080),(3917090),(3917100),(3917110),(3917120),(3917130),(3917140),(3917150),(3918000),(3918010),(3918020),(3918030),(3918040),(3918050),(3918055),(3918060),(3918070),(3918080),(3918085),(3918090),(3918095),(3918100),(3918105),(3918110),(3918120),(3918130),(3918140),(3918150),(3919000),(3919010),(3919020),(3919030),(3919040),(3919050),(3919060),(3919070),(3920000),(3920010),(3920020),(3920030),(3920040),(3920050),(3920060),(3920070),(3920080),(3920090),(3920100),(3920110),(3920120),(3920130),(3920140),(3920150),(3920160),(3920170),(3920180),(3920190),(3920200),(3920210),(3920220),(3920230),(3920235),(3920240),(3920250),(3920260),(3920270),(3920280),(3920290),(3920300),(3920310),(3920320),(3920330),(3920340),(3920350),(3921000),(3921010),(3921020),(3921030),(3921040),(3921050),(3921060),(3921070),(3921080),(3921090),(3921100),(3921110),(3921120),(3921130),(3921140),(3921150),(3921170),(3921180),(3922000),(3922010),(3922020),(3922030),(3922040),(3922050),(3922060),(3922070),(3922080),(3922090),(3922093),(3922100),(3922110),(3922120),(3922130),(3922140),(3922150),(3922160),(3922170),(3922180),(3922190),(3923000),(3923003),(3923005),(3923010),(3923020),(3923025),(3923030),(3923032),(3923033),(3923035),(3923036),(3923037),(3923038),(3923039),(3923040),(3923043),(3923045),(3923050),(3923053),(3923055),(3923057),(3923060),(3923065),(3923070),(3923075),(3923080),(3923085),(3923087),(3923089),(3923090),(3923095),(3923100),(3923105),(3923106),(3923107),(3923108),(3923110),(3923120),(3923130),(3923140),(3923150),(3923160),(3923165),(3923170),(3923173),(3923175),(3923180),(3923185),(3923190),(3923200),(3923203),(3923210),(3923220),(3923225),(3923230),(3923240),(3923245),(3923250),(3923260),(3923270),(3923280),(3923290),(3924000),(3924010),(3924020),(3924030),(3924035),(3924040),(3924045),(3924050),(3924060),(3924070),(3924080),(3924090),(3924100),(3924102),(3924105),(3924110),(3924120),(3924130),(3924140),(3924150),(3924160),(3924170),(3924180),(3924190),(3924195),(3924200),(3924210),(3924220),(3924230),(3924240),(3924250),(3924260),(3924270),(3924280),(3924290),(3924300),(3925000),(3925005),(3925010),(3925020),(3925030),(3925035),(3925040),(3925050),(3925060),(3925070),(3925075),(3925080),(3925090),(3925100),(3925110),(3925120),(3925130),(3926000),(3926010),(3926015),(3926020),(3926030),(3926040),(3926080),(3926170),(3927000),(3927003),(3927010),(3927020),(3927030),(3927040),(3927050),(3927060),(3927070),(3927080),(3927090),(3927100),(3927110),(3927120),(3927130),(3927140),(3927150),(3927160),(3927170),(3927180),(3927190),(3927200),(3927210),(3927220),(3927230),(3927240),(3927250),(3927260),(3927265),(3927270),(3927280),(3927290),(3927300),(3927310),(3927320),(3927330),(3927350),(3927360),(3927370),(3927380),(3927390),(3927400),(3927410),(3927415),(3927420),(3927430),(3928000),(3928010),(3928020),(3928030),(3928040),(3928050),(3928060),(3928070),(3928080),(3928090),(3928100),(3928110),(3928120),(3928130),(3928140),(3928150),(3928160),(3928170),(3928180),(3928190),(3928200),(3928210),(3928220),(3928230),(3928235),(3928240),(3928250),(3929000),(3929010),(3929020),(3929040),(3929043),(3929050),(3929060),(3929070),(3929080),(3929090),(3929100),(3929110),(3929120),(3929130),(3929140),(3929150),(3929160),(3929170),(3929180),(3929190),(3929200),(3929210),(3929220),(3929230),(3929240),(3929250),(3929260),(3929270),(3929280),(3929290),(3929300),(3930000),(3930005),(3930010),(3930020),(3930025),(3930030),(3930040),(3930050),(3930060),(3930070),(3930080),(3930085),(3930090),(3930095),(3930100),(3930110),(3930300),(3930310),(3931000),(3931010),(3931020),(3931030),(3931040),(3931050),(3931060),(3932000),(3932005),(3932007),(3932008),(3932010),(3932020),(3932030),(3932040),(3932050),(3932060),(3932970),(3933000),(3933010),(3933020),(3933025),(3933028),(3933030),(3933040),(3933050),(3933060),(3933070),(3933970),(3934000),(3934010),(3934020),(3934030),(3934040),(3934050),(3934070),(3934075),(3934080),(3934090),(3934100),(3934110),(3934120),(3934130),(3935000),(3935005),(3935010),(3935015),(3935020),(3935030),(3935040),(3935045),(3935050),(3935060),(3935070),(3935080),(3935090),(3935100),(3935110),(3936000),(3936010),(3936020),(3936025),(3936030),(3936040),(3936050),(3936055),(3936060),(3936070),(3936080),(3936090),(3936100),(3936110),(3937000),(3937010),(3937015),(3937020),(3937030),(3937040),(3937050),(3937060),(3937070),(3937080),(3937087),(3937090),(3937095),(3938000),(3938005),(3938010),(3938020),(3938030),(3938040),(3938045),(3938050),(3938060),(3938070),(3938080),(3938090),(3938100),(3938110),(3938120),(3938125),(3938130),(3938140),(3938150),(3938160),(3938165),(3938170),(3938171),(3938172),(3938173),(3938174),(3938180),(3938190),(3939000),(3939010),(3939020),(3939030),(3939040),(3939050),(3939060),(3939065),(3939067),(3939068),(3939069),(3939070),(3939072),(3939075),(3939080),(3939090),(3939095),(3939100),(3939110),(3939120),(3939130),(3940000),(3940010),(3940020),(3940030),(3940040),(3940050),(3940060),(3940070),(3940075),(3940080),(3940090),(3940100),(3941000),(3941010),(3941020),(3941030),(3941040),(3941050),(3941060),(3941070),(3942000),(3942010),(3942020),(3942030),(3942040),(3942050),(3942060),(3942070),(3942080),(3942090),(3942100),(3942110),(3943000),(3943010),(3943020),(3943030),(3943040),(3943050),(3943060),(3943070),(3943080),(3943090),(3943095),(3943101),(3943105),(3943110),(3944000),(3944010),(3944020),(3944030),(3944040),(3944050),(3944053),(3944060),(3944070),(3944080),(3944090),(3944100),(3944110),(3944120),(3944130),(3944140),(3944150),(3944160),(3944165),(3944170),(3944180),(3945000),(3945010),(3945020),(3945030),(3945040),(3945050),(3945060),(3945070),(3945080),(3945090),(3945100),(3945110),(3945120),(3945130),(3946000),(3946010),(3946020),(3946030),(3946040),(3946050),(3946060),(3946070),(3946080),(3946090),(3946100),(3947000),(3947020),(3947030),(3947040),(3947050),(3947060),(3947070),(3947080),(3948000),(3948010),(3948015),(3948020),(3948030),(3948040),(3948050),(3948060),(3948070),(3949000),(3949010),(3949011),(3949012),(3949013),(3949100),(3949200),(3949300),(3949970),(3949971),(3950000),(3950005),(3950010),(3950011),(3950015),(3950020),(3951000),(3951005),(3951010),(3951020),(3951030),(3951040),(3951050),(3951060),(3951070),(3951080),(3951090),(3951100),(3951110),(3951120),(3951130),(3951140),(3951150),(3951160),(3951170),(3951180),(3951190),(3951200),(3951210),(3951220),(3951230),(3952000),(3952010),(3952020),(3952030),(3952040),(3952050),(3952060),(3952070),(3952080),(3952090),(3952100),(3952110),(3952120),(3952130),(3952140),(3952141),(3952150),(3953000),(3953010),(3953020),(3953030),(3953040),(3953050),(3953060),(3953070),(3953080),(3953085),(3953090),(3953100),(3953110),(3953120),(3953130),(3953140),(3953150),(3953160),(3958000),(3958010),(3958020),(3958030),(3959000),(3959010),(3959020),(3959030),(3959040),(3959043),(3959050),(3959060),(3959070),(3959080),(3959090),(3960000),(3960010),(3960020),(3960030),(3960040),(3960050),(3960060),(3960070),(3961000),(3961010),(3961020),(3961030),(3961040),(3961050),(3961060),(3961070),(3961080),(3961090),(3961100),(3961110),(3961120),(3961130),(3962000),(3962010),(3962020),(3962030),(3962040),(3962050),(3962055),(3962060),(3962070),(3962080),(3962090),(3962100),(3962110),(3962120),(3962130),(3962140),(3962150),(3962160),(3962170),(3962180),(3962970),(3962999),(3963000),(3963010),(3963020),(3963030),(3963040),(3963050),(3963060),(3963070),(3963080),(3963090),(3963100),(3963110),(3963120),(3964000),(3964010),(3964020),(3964030),(3964040),(3964050),(3964060),(3965000),(3965010),(3965020),(3965030),(3965040),(3965050),(3966000),(3966005),(3966010),(3966020),(3966030),(3966040),(3966050),(3966060),(3966080),(3966090),(3967000),(3967010),(3967020),(3967030),(3967040),(3967050),(3967060),(3967070),(3967080),(3968000),(3968005),(3968010),(3968020),(3968030),(3968040),(3968050),(3968060),(3968070),(3968080),(3968090),(3968100),(3968110),(3968130),(3969000),(3969005),(3970000),(3970010),(3970020),(3970030),(3970040),(3970050),(3971000),(3971010),(3971020),(3971030),(3971040),(3971050),(3972000),(3972010),(3972020),(3972030),(3972040),(3972050),(3972060),(3973000),(3973010),(3973011),(3973015),(3973030),(3973040),(3973050),(3973060),(3973070),(3973080),(3973103),(3974000),(3974010),(3974020),(3974030),(3974040),(3974050),(3974060),(3974070),(3974080),(3974090),(3974100),(3974105),(3974110),(3974120),(3974130),(3974132),(3974140),(3974150),(3974160),(3974170),(3974180),(3974190),(3974200),(3975000),(3975010),(3975020),(3975030),(3975040),(3975050),(3975060),(3975065),(3975070),(3975080),(3975090),(3975100),(3975110),(3975120),(3975130),(3975140),(3975150),(3975160),(3975257),(3976000),(3976010),(3976020),(3976025),(3976030),(3976040),(3976050),(3976060),(3976070),(3976080),(3976085),(3976090),(3976100),(3976110),(3976120),(3976130),(3976140),(3976150),(3976160),(3976175),(3976180),(3976190),(3976195),(3976200),(3976210),(3977000),(3977001),(3977002),(3977003),(3977004),(3977005),(3977006),(3977007),(3977008),(3977009),(3977010),(3977011),(3977012),(3977013),(3977014),(3977015),(3977016),(3977017),(3977018),(3977019),(3977020),(3977030),(3977040),(3977050),(3977060),(3977070),(3977080),(3977085),(3977090),(3977100),(3977110),(3977120),(3977130),(3977140),(3977150),(3977160),(3977170),(3977175),(3977180),(3977190),(3977200),(3977210),(3977220),(3977225),(3977230),(3977240),(3977250),(3977260),(3977265),(3977270),(3977280),(3977290),(3977300),(3977310),(3977320),(3977330),(3977340),(3977345),(3977360),(3977370),(3977380),(3977383),(3977385),(3977387),(3977388),(3977389),(3977390),(3977395),(3977396),(3977397),(3977398),(3977399),(3977400),(3977403),(3977405),(3977406),(3977407),(3977408),(3977409),(3977410),(3977411),(3977412),(3977413),(3977414),(3977415),(3977416),(3977417),(3977418),(3977420),(3977421),(3977430),(3977440),(3977450),(3977455),(3977456),(3977457),(3977458),(3977459),(3977460),(3977465),(3977470),(3977475),(3977480),(3977485),(3977500),(3977501),(3977510),(3977520),(3977521),(3977522),(3977525),(3977530),(3977535),(3977540),(3977545),(3977547),(3977550),(3977555),(3977560),(3977570),(3977580),(3977590),(3977600),(3977610),(3977620),(3977630),(3977635),(3977636),(3977640),(3977650),(3977651),(3977652),(3977655),(3977660),(3977670),(3977676),(3977680),(3977685),(3977690),(3977691),(3977700),(3977702),(3977710),(3977715),(3977720),(3977725),(3977730),(3977735),(3977740),(3977741),(3977742),(3977745),(3977750),(3977755),(3977756),(3977770),(3978000),(3978010),(3978020),(3978030),(3978040),(3978050),(3978060),(3978065),(3978070),(3978080),(3978090),(3978095),(3978100),(3978110),(3978120),(3978130),(3978140),(3978150),(3978160),(3978170),(3978180),(3978190),(3978200),(3978210),(3978220),(3978230),(3978240),(3978250),(3978260),(3978270),(3978280),(3978290),(3978300),(3978310),(3978320),(3978330),(3978340),(3978350),(3978360),(3978370),(3978380),(3978390),(3978400),(3978410),(3978420),(3978430),(3978440),(3978450),(3978460),(3978470),(3978480),(3978490),(3978500),(3978510),(3978520),(3978530),(3978540),(3978545),(3978550),(3978560),(3978570),(3978580),(3978583),(3978585),(3978587),(3978590),(3978600),(3978610),(3978620),(3978630),(3978640),(3978650),(3978660),(3978670),(3978680),(3978700),(3978705),(3978710),(3978720),(3978730),(3978735),(3978740),(3978750),(3978760),(3978770),(3978780),(3978790),(3979000),(3979010),(3979020),(3979030),(3979040),(3979050),(3979060),(3979070),(3979080),(3979090),(3980000),(3980010),(3980020),(3980023),(3980030),(3980040),(3980050),(3980060),(3980070),(3980080),(3980090),(3980100),(3980110),(3980120),(3980130),(3980140),(3980150),(3980160),(3980170),(3980180),(3980190),(3980200),(3981000),(3981010),(3981020),(3981030),(3981040),(3981050),(3981060),(3981070),(3981080),(3981090),(3981100),(3981110),(3981120),(3981130),(3981140),(3981150),(3981160),(3981170),(3981180),(3982000),(3982010),(3982020),(3982030),(3982045),(3982050),(3982060),(3982065),(3982070),(3982080),(3982090),(3982100),(3982110),(3982120),(3982130),(3982140),(3982150),(3982160),(3982170),(3982180),(3982190),(3982200),(3982210),(3983000),(3983010),(3983020),(3983025),(3983030),(3983035),(3983040),(3983050),(3983060),(3983070),(3983080),(3983090),(3983100),(3983110),(3983120),(3983130),(3983140),(3983145),(3983150),(3983160),(3983170),(3983180),(3983210),(3983220),(3984000),(3984010),(3984020),(3984030),(3984040),(3984050),(3984060),(3984070),(3984080),(3984090),(3984100),(3984110),(3984120),(3984130),(3984140),(3984150),(3984160),(3985000),(3985010),(3985020),(3985030),(3985035),(3985040),(3985050),(3985060),(3985070),(3985073),(3985075),(3985080),(3985090),(3985100),(3985110),(3985120),(3985130),(3985140),(3985150),(3985170),(3986000),(3986010),(3986020),(3986030),(3986040),(3986050),(3986060),(3986070),(3986080),(3986090),(3986100),(3986110),(3986120),(3986130),(3986140),(3986150),(3986160),(3986170),(3986180),(3986190),(3986200),(3986205),(3986210),(3986220),(3986230),(3986240),(3986250),(3986260),(3986270),(3986280),(3986290),(3987000),(3987010),(3987020),(3987030),(3987040),(3987050),(3987060),(3987070),(3987080),(3987090),(3987100),(3987110),(3987120),(3987130),(3987200),(3987210),(3988000),(3988005),(3988010),(3988011),(3988015),(3988020),(3989000),(3989010),(3989015),(3989020),(3989030),(3989970),(3989971),(8010000),(8010010),(8010020),(8010030),(8010040),(8010050),(8010060),(8010070),(8010080),(8010090),(8010100),(8010105),(8010110),(8010120),(8010130),(8010140),(8010150),(8010160),(8010170),(8010180),(8010190),(8010200),(8010210),(8010220),(8010230),(8010240),(8010250),(8010260),(8010270),(8010280),(8010290),(8010300),(8010310),(8010320),(8010325),(8010330),(8010340),(8010350),(8010360),(8010370),(8010375),(8010377),(8010380),(8010385),(8010390),(8010400),(8010405),(8010410),(8010420),(8010430),(8010440),(8010450),(8010460),(8010470),(8010480),(8010490),(8010500),(8010971),(8010972),(8010999),(8011000),(8011010),(8011015),(8011020),(8011030),(8011040),(8011050),(8011055),(8011060),(8011065),(8011070),(8011080),(8011090),(8011100),(8011110),(8011120),(8011130),(8011140),(8011150),(8011160),(8011170),(8011180),(8011190),(8011200),(8011210),(8011220),(8011230),(8011240),(8011250),(8011260),(8011270),(8011280),(8011290),(8011300),(8011305),(8011310),(8011320),(8011340),(8011350),(8011360),(8011370),(8011380),(8011385),(8011387),(8011390),(8011395),(8011397),(8011400),(8011410),(8011420),(8011430),(8011440),(8011450),(8011460),(8011470),(8011480),(8011490),(8011500),(8011510),(8011520),(8011530),(8011540),(8011550),(8011560),(8011570),(8011580),(8011590),(8011600),(8011610),(8011620),(8011630),(8011640),(8011650),(8011660),(8011670),(8011680),(8011690),(8011700),(8011710),(8020000),(8020010),(8020020),(8020030),(8020040),(8020050),(8020060),(8020070),(8020080),(8020090),(8020100),(8020110),(8020120),(8020130),(8020140),(8020150),(8020160),(8020165),(8020170),(8020180),(8020190),(8020200),(8020210),(8020220),(8020230),(8020240),(8020250),(8020260),(8020270),(8020280),(8020290),(8020300),(8020310),(8020320),(8020330),(8020340),(8020350),(8020360),(8020370),(8021000),(8021010),(8021011),(8021015),(8021017),(8021020),(8021023),(8021025),(8021026),(8021030),(8021040),(8021045),(8021050),(8021060),(8021070),(8021073),(8021075),(8021077),(8021079),(8021080),(8021090),(8021095),(8021100),(8021110),(8021120),(8021130),(8021140),(8021150),(8021155),(8021160),(8021170),(8021180),(8021190),(8021200),(8021210),(8021220),(8021225),(8021227),(8021230),(8021240),(8021250),(8021260),(8021270),(8021280),(8021290),(8021300),(8021310),(8021315),(8021320),(8021330),(8021340),(8021353),(8021360),(8021370),(8021380),(8021390),(8021395),(8021400),(8021410),(8021420),(8021430),(8021440),(8021450),(8021455),(8021457),(8021460),(8021470),(8021480),(8021490),(8021500),(8021510),(8021520),(8021530),(8021540),(8021550),(8021560),(8021570),(8021580),(8021590),(8021600),(8021610),(8021620),(8021630),(8021640),(8021970),(8021971),(8021972),(8022000),(8022010),(8022020),(8022030),(8022040),(8022050),(8022060),(8022070),(8022080),(8022090),(8022100),(8022110),(8022120),(8022130),(8022140),(8022150),(8022160),(8022170),(8022180),(8022190),(8022210),(8022220),(8022240),(8022270),(8022290),(8022300),(8022310),(8022320),(8022340),(8022350),(8022370),(8022400),(8022410),(8022430),(8022450),(8022460),(8022480),(8022500),(8022510),(8022550),(8030000),(8030010),(8030020),(8030040),(8030050),(8030060),(8030062),(8030070),(8030080),(8030090),(8030100),(8030110),(8030120),(8030130),(8030140),(8030150),(8030160),(8030170),(8030180),(8030190),(8030195),(8030200),(8030210),(8030220),(8030230),(8030240),(8030250),(8030260),(8030270),(8030275),(8030280),(8030290),(8030295),(8030300),(8030310),(8030320),(8030330),(8030340),(8030350),(8030360),(8030370),(8030380),(8030400),(8030410),(8030420),(8030430),(8030440),(8030450),(8030460),(8030470),(8030480),(8030490),(8030500),(8030510),(8030520),(8030530),(8030540),(8030550),(8030560),(8030570),(8030580),(8030590),(8030600),(8030610),(8030620),(8030630),(8030640),(8030650),(8030651),(8030652),(8030653),(8030654),(8030655),(8030656),(8030657),(8030658),(8030660),(8030670),(8030680),(8030690),(8030700),(8030710),(8030720),(8030730),(8030740),(8030750),(8030760),(8030770),(8030780),(8030790),(8030800),(8030810),(8031000),(8031010),(8031015),(8031020),(8031021),(8031022),(8031023),(8031024),(8031030),(8031040),(8031050),(8031060),(8031061),(8031070),(8031080),(8031081),(8031082),(8031083),(8031084),(8031085),(8031086),(8031087),(8031088),(8031089),(8031090),(8031091),(8031092),(8031100),(8031110),(8031120),(8031130),(8031140),(8031150),(8031160),(8031165),(8031170),(8031180),(8031190),(8031200),(8031210),(8031220),(8031230),(8031240),(8031250),(8031260),(8031270),(8031290),(8031300),(8031310),(8031320),(8031350),(8031360),(8031361),(8031365),(8031370),(8031380),(8031390),(8031400),(8031410),(8031430),(8031440),(8031450),(8031451),(8031452),(8031453),(8031454),(8031455),(8031470),(8031480),(8031490),(8031500),(8031510),(8031520),(8031540),(8031550),(8031555),(8031560),(8031561),(8031562),(8031563),(8031565),(8031590),(8031595),(8031600),(8031620),(8031630),(8031640),(8031650),(8031660),(8031700),(8031720),(8031730),(8031740),(8031750),(8031760),(8031765),(8031768),(8031780),(8031790),(8031800),(8031810),(8031820),(8032000),(8032004),(8032006),(8032008),(8032010),(8032015),(8032020),(8032030),(8032040),(8032050),(8032070),(8032080),(8032090),(8032100),(8032110),(8032120),(8032130),(8032131),(8032135),(8032136),(8032138),(8032140),(8032142),(8032150),(8032160),(8032170),(8032180),(8032190),(8032200),(8032205),(8032210),(8032220),(8032230),(8032240),(8032250),(8032260),(8032270),(8032275),(8032276),(8032277),(8032278),(8032280),(8032290),(8032300),(8032310),(8032320),(8032324),(8032325),(8032326),(8032327),(8032330),(8032340),(8032350),(8032360),(8032370),(8032380),(8032390),(8032400),(8032410),(8032420),(8032430),(8032440),(8032450),(8032460),(8032480),(8032490),(8032500),(8032505),(8032510),(8032515),(8032530),(8032535),(8032537),(8032550),(8032560),(8032562),(8032564),(8032565),(8032570),(8032580),(8032590),(8032600),(8032610),(8032620),(8032630),(8032640),(8032650),(8040000),(8040010),(8040020),(8040030),(8040040),(8040050),(8040060),(8040070),(8040080),(8040090),(8040100),(8040110),(8040115),(8040120),(8040130),(8040140),(8040150),(8040160),(8040170),(8040180),(8040190),(8040200),(8040210),(8040220),(8040230),(8040240),(8040250),(8040255),(8040260),(8040270),(8040275),(8040277),(8040280),(8040300),(8040310),(8040320),(8040330),(8040340),(8040350),(8040360),(8040370),(8040380),(8040390),(8040395),(8040400),(8040410),(8040420),(8040430),(8040440),(8040450),(8040460),(8040470),(8040475),(8040480),(8040490),(8040495),(8040500),(8040600),(8040605),(8040610),(8040620),(8040630),(8040640),(8040650),(8040660),(8040670),(8040680),(8040690),(8040700),(8040710),(8040720),(8040730),(8040740),(8040750),(8040760),(8040770),(8040780),(8040790),(8040800),(8041000),(8041010),(8041020),(8041030),(8041040),(8041050),(8041055),(8041060),(8041070),(8041080),(8041090),(8041100),(8041110),(8041120),(8041130),(8041140),(8041150),(8041160),(8041165),(8041170),(8041173),(8041175),(8041180),(8041190),(8041200),(8041210),(8041220),(8041230),(8041240),(8041250),(8041260),(8041270),(8041280),(8041290),(8041300),(8041310),(8041320),(8041325),(8041330),(8041340),(8041350),(8041360),(8041370),(8041380),(8041390),(8041400),(8041410),(8041415),(8041420),(8041430),(8041440),(8041450),(8041460),(8041470),(8041480),(8041490),(8041500),(8041510),(8041520),(8041525),(8041530),(8041540),(8041550),(8041555),(8041560),(8041570),(8041580),(8041590),(8041600),(8041610),(8041620),(8041630),(8041640),(8041650),(8041660),(8041670),(8041680),(8041700),(8041710),(8041715),(8041720),(8041730),(8041740),(8041750),(8041770),(8041780),(8041790),(8041800),(8041810),(8041820),(8041830),(8041840),(8041970),(8042000),(8042010),(8042020),(8042030),(8042040),(8042050),(8042060),(8042070),(8042080),(8042085),(8042090),(8042100),(8042110),(8042117),(8042120),(8042130),(8042135),(8042140),(8042150),(8042160),(8042170),(8042180),(8042190),(8042200),(8042210),(8042212),(8042220),(8042230),(8042240),(8042250),(8042255),(8042260),(8042270),(8042280),(8042290),(8042300),(8042310),(8042320),(8042330),(8042340),(8042350),(8042360),(8042370),(8042380),(8042390),(8042400),(8042410),(8042420),(8042430),(8042440),(8042450),(8042460),(8042470),(8042480),(8042490),(8042500),(8042510),(8042520),(8042530),(8042532),(8042540),(8042550),(8042560),(8042570),(8042580),(8050000),(8050005),(8050010),(8050020),(8050030),(8050040),(8050050),(8050060),(8050070),(8050080),(8050090),(8050093),(8050095),(8050097),(8050099),(8050100),(8050110),(8050120),(8050125),(8050130),(8050135),(8050137),(8050139),(8050140),(8050150),(8050155),(8050160),(8050165),(8050170),(8050175),(8050180),(8050190),(8050200),(8050210),(8050220),(8050221),(8050222),(8050225),(8050230),(8050235),(8050260),(8050270),(8050280),(8050290),(8050293),(8050295),(8050297),(8050300),(8050305),(8050310),(8050312),(8050314),(8050315),(8050317),(8050320),(8050330),(8050340),(8050350),(8050355),(8050360),(8050370),(8050380),(8050390),(8050400),(8050405),(8050420),(8050430),(8050440),(8050450),(8050460),(8050465),(8050470),(8050480),(8050490),(8050495),(8050500),(8050510),(8050520),(8050530),(8050540),(8050550),(8050560),(8050570),(8050571),(8050572),(8050573),(8050580),(8050590),(8050593),(8050595),(8050600),(8050610),(8050620),(8050630),(8050640),(8050650),(8050660),(8050680),(8050681),(8050690),(8050691),(8050692),(8050700),(8050710),(8050715),(8050720),(8050725),(8050730),(8050735),(8050740),(8050750),(8050760),(8050770),(8050775),(8050777),(8050780),(8050790),(8050810),(8050815),(8050820),(8050830),(8050840),(8050970),(8051000),(8051010),(8051020),(8051030),(8051033),(8051035),(8051037),(8051040),(8051050),(8051060),(8051065),(8051070),(8051080),(8051090),(8051100),(8051110),(8051120),(8051250),(8051260),(8051270),(8051330),(8051340),(8051350),(8051360),(8051365),(8051370),(8051380),(8051390),(8051400),(8051405),(8051410),(8051440),(8051460),(8051480),(8051500),(8051520),(8051540),(8051560),(8051570),(8051580),(8051600),(8051610),(8051620),(8051630),(8051650),(8051660),(8051670),(8060000),(8060005),(8060010),(8060020),(8060030),(8060040),(8060050),(8060060),(8060065),(8060070),(8060080),(8060090),(8060100),(8060110),(8060120),(8060125),(8060130),(8060140),(8060150),(8060160),(8060170),(8060180),(8060190),(8060200),(8060205),(8060207),(8060210),(8060220),(8060225),(8060230),(8060240),(8060260),(8060265),(8060270),(8060280),(8060283),(8060285),(8060290),(8060300),(8060310),(8060320),(8060322),(8060330),(8060340),(8060350),(8060355),(8060360),(8060370),(8060371),(8060375),(8060380),(8060383),(8060385),(8060387),(8060390),(8060395),(8060400),(8060401),(8060410),(8060420),(8060430),(8060970),(8061000),(8061010),(8061015),(8061020),(8061030),(8061035),(8061040),(8061050),(8061060),(8061070),(8061080),(8061090),(8061100),(8061110),(8061115),(8061120),(8061130),(8061140),(8061150),(8061160),(8061165),(8061170),(8061180),(8061185),(8061190),(8061200),(8061205),(8061210),(8061220),(8061230),(8061240),(8061245),(8061250),(8061260),(8061270),(8061280),(8061290),(8061300),(8061310),(8061315),(8061320),(8061330),(8061340),(8061350),(8061360),(8061365),(8061370),(8061375),(8061380),(8061390),(8061400),(8061410),(8061420),(8061430),(8061440),(8061450),(8061460),(8061470),(8061480),(8061490),(8061500),(8061510),(8061520),(8061530),(8061540),(8061545),(8061550),(8062000),(8062005),(8062007),(8062010),(8062015),(8062020),(8062030),(8062040),(8062050),(8062055),(8062060),(8062070),(8062080),(8062090),(8062100),(8062105),(8062110),(8062120),(8062130),(8062140),(8062150),(8062160),(8062170),(8062180),(8062185),(8062190),(8062200),(8062210),(8062220),(8062230),(8062240),(8062250),(8062260),(8062270),(8062280),(8062290),(8062300),(8062305),(8062310),(8062320),(8062325),(8062330),(8062340),(8062350),(8062355),(8062360),(8062490),(8062500),(8062510),(8062520),(8062530),(8062540),(8062550),(8062560),(8062570),(8062580),(8062590),(8062600),(8062610),(8062620),(8062630),(8062640),(8062650),(8062660),(8062670),(8062680),(8062690),(8062700),(8062710),(8062720),(8062730),(8062740),(8062750),(8062760),(8070000),(8070001),(8070002),(8070005),(8070006),(8070007),(8070008),(8070009),(8070010),(8070020),(8070030),(8070040),(8070050),(8070060),(8070070),(8070080),(8070085),(8070090),(8070100),(8070110),(8070120),(8070130),(8070140),(8070150),(8070160),(8070165),(8070170),(8070175),(8070180),(8070190),(8070192),(8070195),(8070196),(8070200),(8070210),(8070220),(8070230),(8070240),(8070250),(8070260),(8070270),(8070280),(8070290),(8070295),(8070300),(8070310),(8070320),(8070330),(8070335),(8070340),(8070350),(8070360),(8070370),(8070380),(8070390),(8070400),(8070410),(8070420),(8070430),(8070440),(8070450),(8070460),(8070470),(8070480),(8070490),(8070500),(8070510),(8070520),(8070530),(8070540),(8070550),(8071000),(8071010),(8071020),(8071030),(8071040),(8071050),(8071060),(8071065),(8071066),(8071067),(8071068),(8071069),(8071070),(8071072),(8071074),(8071075),(8071076),(8071078),(8071080),(8071082),(8071084),(8071085),(8071086),(8071090),(8071100),(8071105),(8071110),(8071120),(8071130),(8071140),(8071150),(8071160),(8071163),(8071165),(8071167),(8071170),(8071175),(8071176),(8071180),(8071181),(8071182),(8071190),(8071191),(8071200),(8071205),(8071206),(8071210),(8071220),(8071230),(8071240),(8071250),(8071255),(8071260),(8071270),(8071280),(8071290),(8071300),(8072000),(8072002),(8072005),(8072012),(8072015),(8072020),(8072025),(8072027),(8072030),(8072035),(8072045),(8072050),(8072055),(8072060),(8072065),(8072070),(8072073),(8072075),(8072080),(8072085),(8072090),(8072095),(8072100),(8072105),(8072110),(8072115),(8072120),(8072125),(8072130),(8072132),(8072135),(8072140),(8072145),(8072150),(8072155),(8072160),(8072165),(8072170),(8072175),(8072180),(8072190),(8072195),(8072200),(8072205),(8072210),(8072215),(8072217),(8072220),(8072222),(8072225),(8072227),(8072230),(8072235),(8072240),(8072245),(8072250),(8072255),(8072257),(8072260),(8072265),(8072270),(8072272),(8072275),(8072277),(8072280),(8072290),(8072300),(8072310),(8080000),(8080001),(8080005),(8080010),(8080020),(8080030),(8080031),(8080032),(8080033),(8080034),(8080040),(8080050),(8080070),(8080080),(8080090),(8080095),(8080096),(8080097),(8080100),(8080110),(8080130),(8080160),(8080161),(8080165),(8080170),(8080180),(8080190),(8080200),(8080220),(8080225),(8080230),(8080240),(8080245),(8080250),(8080260),(8080270),(8080280),(8080300),(8080310),(8080320),(8080330),(8080340),(8080360),(8080363),(8080365),(8080366),(8080370),(8080380),(8080390),(8080395),(8080400),(8080410),(8080420),(8080430),(8080440),(8080460),(8080470),(8080480),(8080490),(8080500),(8080510),(8080530),(8080550),(8080560),(8080570),(8080571),(8080580),(8080590),(8080600),(8080610),(8080630),(8080650),(8080660),(8080670),(8080680),(8080685),(8080690),(8080700),(8080710),(8080730),(8080740),(8080750),(8081000),(8081010),(8081020),(8081040),(8081050),(8081060),(8081070),(8081071),(8081080),(8081090),(8081100),(8081110),(8081120),(8081130),(8081140),(8081150),(8081160),(8081170),(8081180),(8081185),(8081190),(8081200),(8081210),(8081220),(8081230),(8081240),(8081250),(8081260),(8081270),(8081290),(8081291),(8081292),(8081300),(8081310),(8081320),(8081324),(8081330),(8081340),(8081360),(8081370),(8081375),(8081380),(8081382),(8081383),(8081385),(8081390),(8081400),(8081405),(8081410),(8081420),(8081430),(8081435),(8081440),(8081450),(8081460),(8081480),(8081483),(8081484),(8081485),(8081490),(8081510),(8081511),(8081520),(8081521),(8081530),(8081550),(8081560),(8081570),(8081580),(8081581),(8081590),(8081620),(8081630),(8081640),(8081642),(8081643),(8081645),(8081650),(8081655),(8081660),(8081665),(8081670),(8081675),(8081680),(8081685),(8081690),(8081695),(8081700),(8081705),(8090000),(8090010),(8090020),(8090030),(8090040),(8090050),(8090060),(8090070),(8090080),(8090100),(8090110),(8090120),(8090121),(8090122),(8090123),(8090124),(8090130),(8090140),(8090150),(8090160),(8090180),(8090190),(8090200),(8090210),(8090211),(8090220),(8090230),(8090240),(8090250),(8090260),(8090265),(8090270),(8090275),(8090276),(8090277),(8090278),(8090280),(8090281),(8090282),(8090283),(8090284),(8090290),(8090300),(8090310),(8090320),(8090330),(8090340),(8090350),(8090360),(8090370),(8090380),(8090390),(8090400),(8090410),(8090420),(8090430),(8090440),(8090450),(8090460),(8090470),(8090480),(8090490),(8090500),(8090510),(8090520),(8090530),(8090540),(8090550),(8090551),(8090552),(8090553),(8090554),(8090555),(8090556),(8090557),(8090558),(8090559),(8090560),(8090570),(8090580),(8090590),(8090600),(8090601),(8090602),(8090603),(8090604),(8090605),(8090606),(8090620),(8090630),(8090640),(8090650),(8090660),(8090670),(8090690),(8090700),(8090710),(8090720),(8090740),(8090750),(8090753),(8090900),(8090901),(8090970),(8110000),(8110030),(8110040),(8110050),(8110060),(8110070),(8110075),(8110080),(8110090),(8110100),(8110110),(8110115),(8110120),(8110130),(8110140),(8110150),(8110160),(8110170),(8110180),(8110182),(8110185),(8110190),(8110200),(8110210),(8110215),(8110220),(8110225),(8110230),(8110240),(8110250),(8110260),(8110270),(8110280),(8110290),(8110300),(8110310),(8110320),(8110330),(8110340),(8110343),(8110345),(8110350),(8110360),(8110370),(8110380),(8110390),(8110400),(8110410),(8110420),(8110430),(8110440),(8110450),(8110460),(8110470),(8110480),(8110490),(8110492),(8110500),(8110510),(8110520),(8110530),(8110540),(8110550),(8110560),(8110570),(8110580),(8110590),(8110600),(8110610),(8110620),(8110625),(8110630),(8110640),(8110650),(8110670),(8110680),(8110690),(8110700),(8110710),(8110720),(8110730),(8110740),(8110750),(8110752),(8110760),(8110770),(8110780),(8110790),(8110800),(8110810),(8110815),(8110820),(8110825),(8110830),(8110840),(8110972),(8111000),(8111005),(8111008),(8111010),(8111020),(8111030),(8111040),(8111050),(8111055),(8111070),(8111075),(8111080),(8111090),(8111100),(8111110),(8111120),(8111130),(8111140),(8111150),(8111160),(8111170),(8111180),(8111190),(8111200),(8111210),(8111220),(8111230),(8111240),(8111250),(8111260),(8111270),(8111280),(8111290),(8111300),(8111310),(8111320),(8111321),(8111325),(8111330),(8111340),(8111350),(8111360),(8111370),(8111380),(8111390),(8111400),(8111410),(8111420),(8111430),(8111440),(8111450),(8111460),(8111465),(8111470),(8111480),(8111490),(8111500),(8111510),(8111520),(8111530),(8111540),(8111550),(8111560),(8111570),(8111580),(8111590),(8111600),(8111610),(8111620),(8111630),(8111640),(8111645),(8111650),(8111660),(8111670),(8111680),(8111690),(8111700),(8111710),(8111720),(8111730),(8111735),(8111740),(8111745),(8111750),(8111755),(8111760),(8111765),(8111770),(8111775),(8111780),(8111785),(8111790),(8111795),(8111800),(8111805),(8111810),(8111815),(8111820),(8111825),(8115000),(8115010),(8115011),(8115015),(8115100),(8115971),(8115972),(8120000),(8120010),(8120020),(8120030),(8120040),(8120050),(8120060),(8120070),(8120080),(8120090),(8120100),(8120110),(8120120),(8120130),(8120140),(8120150),(8120160),(8120170),(8120180),(8120190),(8120200),(8120210),(8120220),(8120230),(8120240),(8120250),(8120260),(8120270),(8120280),(8120290),(8120300),(8120305),(8120310),(8120320),(8120330),(8120340),(8120350),(8120360),(8120370),(8120380),(8120390),(8120400),(8120410),(8120420),(8120430),(8120440),(8120450),(8120455),(8120460),(8120470),(8120475),(8120477),(8120480),(8120485),(8120490),(8120500),(8120510),(8120520),(8120525),(8120530),(8120540),(8120550),(8120560),(8120565),(8120570),(8120580),(8120585),(8120590),(8120592),(8120595),(8120600),(8120601),(8120604),(8120610),(8120620),(8120630),(8120640),(8120650),(8120660),(8120670),(8120680),(8121000),(8121001),(8121002),(8121003),(8121004),(8121005),(8121006),(8121007),(8121008),(8121009),(8121010),(8121011),(8121012),(8121013),(8121014),(8121015),(8121016),(8121017),(8121018),(8121019),(8121020),(8121030),(8121040),(8121050),(8121060),(8121070),(8121080),(8121090),(8121100),(8121103),(8121106),(8121110),(8121120),(8121125),(8121130),(8121140),(8121150),(8121160),(8121170),(8121180),(8121190),(8121200),(8121210),(8121220),(8121230),(8121240),(8121250),(8121260),(8121270),(8121280),(8121290),(8121300),(8121310),(8121320),(8121330),(8121340),(8121350),(8121360),(8121365),(8121370),(8121380),(8121390),(8121400),(8121403),(8121410),(8121420),(8121425),(8121428),(8121430),(8121432),(8121440),(8121450),(8121460),(8121470),(8121472),(8121473),(8121480),(8121490),(8121500),(8121510),(8121520),(8121530),(8121540),(8121550),(8121560),(8121570),(8121580),(8121590),(8121600),(8121620),(8121622),(8121630),(8121640),(8121650),(8121660),(8121670),(8121690),(8121700),(8121710),(8121720),(8121722),(8121730),(8121740),(8121750),(8121760),(8121770),(8121780),(8121790),(8121800),(8121810),(8121820),(8121830),(8122000),(8122010),(8122020),(8122030),(8122050),(8122060),(8122070),(8122080),(8122090),(8122100),(8122110),(8122120),(8122130),(8122140),(8122145),(8122150),(8122160),(8122170),(8122180),(8122190),(8122200),(8122210),(8122230),(8122240),(8122250),(8122255),(8122260),(8122270),(8122280),(8122290),(8122300),(8122310),(8122320),(8122330),(8122340),(8122350),(8122360),(8122370),(8122380),(8122390),(8122400),(8122410),(8122415),(8122420),(8122430),(8122435),(8122436),(8122440),(8122445),(8122450),(8122455),(8122460),(8122470),(8122480),(8122490),(8122970),(8130000),(8130005),(8130010),(8130020),(8130030),(8130040),(8130045),(8130050),(8130060),(8130070),(8130080),(8130090),(8130095),(8130100),(8130110),(8130120),(8130130),(8130140),(8130150),(8130160),(8130170),(8130180),(8130190),(8130200),(8130210),(8130215),(8130220),(8130230),(8130250),(8130260),(8130270),(8130280),(8130290),(8130300),(8130310),(8130320),(8130330),(8130335),(8130340),(8130350),(8130370),(8130380),(8130390),(8130400),(8130410),(8130420),(8130430),(8130440),(8130450),(8130460),(8130465),(8130470),(8130480),(8130485),(8130490),(8131010),(8131020),(8131030),(8131050),(8131060),(8131070),(8131100),(8131180),(8131200),(8131210),(8131215),(8131220),(8131225),(8131230),(8131240),(8131250),(8131260),(8131280),(8131290),(8131300),(8131310),(8131315),(8131320),(8131325),(8131330),(8131340),(8131350),(8131360),(8131370),(8132410),(8132420),(8132430),(8132440),(8132450),(8132460),(8132470),(8132480),(8132485),(8132490),(8132495),(8140000),(8140004),(8140005),(8140006),(8140007),(8140008),(8140010),(8140020),(8140030),(8140040),(8140050),(8140060),(8140063),(8140065),(8140066),(8140067),(8140068),(8140069),(8140070),(8140080),(8140090),(8140100),(8140110),(8140120),(8140125),(8140130),(8140140),(8140143),(8140150),(8140160),(8140170),(8140180),(8140184),(8140190),(8140200),(8140210),(8140220),(8140225),(8140230),(8140240),(8140250),(8140260),(8140270),(8140290),(8140300),(8140310),(8140313),(8140320),(8140330),(8140340),(8140350),(8140360),(8140370),(8140380),(8140390),(8140400),(8140410),(8140415),(8140430),(8140438),(8140440),(8140450),(8140460),(8140480),(8140485),(8140490),(8140500),(8140510),(8140520),(8140528),(8140530),(8140540),(8140550),(8140552),(8140560),(8140570),(8140580),(8140590),(8140600),(8140610),(8140620),(8140635),(8140970),(8140972),(8141000),(8141001),(8141002),(8141004),(8141005),(8141008),(8141010),(8141013),(8141015),(8141018),(8141020),(8141030),(8141040),(8141050),(8141060),(8141070),(8141075),(8141080),(8141090),(8141092),(8141093),(8141100),(8141110),(8141120),(8141125),(8141126),(8141130),(8141132),(8141134),(8141135),(8141136),(8141140),(8141150),(8141160),(8141170),(8141180),(8141190),(8141200),(8141210),(8141220),(8141225),(8141230),(8141240),(8141245),(8141250),(8141252),(8141253),(8141254),(8141255),(8141256),(8141257),(8141258),(8141259),(8141260),(8141261),(8141262),(8141263),(8141264),(8141270),(8141280),(8141290),(8141300),(8141305),(8141310),(8141320),(8141330),(8141340),(8141350),(8141360),(8141365),(8141370),(8141390),(8141400),(8141410),(8141420),(8141430),(8141440),(8141450),(8141460),(8141470),(8141480),(8141490),(8141500),(8141510),(8141520),(8141530),(8141540),(8141545),(8141550),(8141560),(8141570),(8141580),(8141600),(8141610),(8141620),(8141630),(8141640),(8141650),(8141660),(8141670),(8141680),(8141690),(8141700),(8141710),(8141720),(8141728),(8141730),(8141738),(8141740),(8142000),(8142003),(8142004),(8142005),(8142006),(8142007),(8142009),(8142010),(8142013),(8142015),(8142017),(8142020),(8142025),(8142030),(8142040),(8142050),(8142060),(8142070),(8142080),(8142090),(8142100),(8142110),(8142120),(8142130),(8142140),(8142150),(8142160),(8142170),(8142180),(8142181),(8142182),(8142183),(8142185),(8142186),(8142189),(8142190),(8142200),(8142210),(8142220),(8142230),(8142232),(8142233),(8142235),(8142236),(8142237),(8142238),(8142240),(8142250),(8142260),(8142270),(8142280),(8142290),(8142295),(8142300),(8142310),(8142320),(8142331),(8142334),(8142337),(8142340),(8142343),(8142346),(8142349),(8142352),(8142355),(8142360),(8142370),(8142375),(8142377),(8142380),(8142390),(8142400),(8142405),(8142407),(8142408),(8142410),(8142420),(8142430),(8142440),(8142450),(8142460),(8142480),(8142490),(8142500),(8142505),(8142510),(8142520),(8142550),(8142600),(8142610),(8142620),(8142640),(8142650),(8142660),(8142670),(8142680),(8142700),(8142710),(8142740),(8142741),(8142750),(8142760),(8142770),(8142780),(8142790),(8142800),(8142810),(8142820),(8142830),(8142840),(8142850),(8142860),(8142870),(8142880),(8143010),(8143015),(8143020),(8143025),(8143030),(8143040),(8143050),(8143060),(8143070),(8143080),(8143081),(8143090),(8143200),(8143210),(8143215),(8143220),(8143230),(8143240),(8143250),(8143260),(8143270),(8143280),(8143290),(8143300),(8143310),(8143320),(8143330),(8143350),(8143355),(8143360),(8143370),(8143380),(8143390),(8143400),(8143410),(8143420),(8143430),(8150000),(8150005),(8150010),(8150020),(8150030),(8150032),(8150040),(8150050),(8150060),(8150070),(8150080),(8150090),(8150100),(8150110),(8150120),(8150130),(8150140),(8150142),(8150150),(8150152),(8150154),(8150156),(8150158),(8150160),(8150162),(8150164),(8150166),(8150168),(8150170),(8150180),(8150190),(8150200),(8150210),(8150220),(8150225),(8150230),(8150250),(8150260),(8150265),(8150270),(8150280),(8150290),(8150300),(8150310),(8150320),(8150330),(8150340),(8150350),(8150360),(8150370),(8150375),(8150380),(8150390),(8150400),(8150410),(8150420),(8150430),(8150440),(8150450),(8150460),(8150470),(8150480),(8150490),(8150500),(8150510),(8150520),(8150530),(8150540),(8150545),(8150550),(8150560),(8150570),(8150580),(8150581),(8150582),(8150584),(8150585),(8150586),(8150587),(8150588),(8150590),(8150600),(8150610),(8150620),(8150630),(8150640),(8150645),(8150650),(8150670),(8150680),(8150685),(8150690),(8150700),(8150710),(8150720),(8150730),(8150733),(8150740),(8150750),(8150760),(8150770),(8150780),(8150790),(8150800),(8150810),(8150820),(8151000),(8151010),(8151012),(8151014),(8151016),(8151018),(8151020),(8151022),(8151024),(8151026),(8151034),(8151036),(8151040),(8151050),(8151061),(8151070),(8151073),(8151074),(8151076),(8151078),(8151080),(8151082),(8151084),(8151086),(8151088),(8151090),(8151100),(8151110),(8151112),(8151115),(8151116),(8151117),(8151118),(8151120),(8151130),(8151140),(8151150),(8151160),(8151161),(8151170),(8151180),(8151190),(8151200),(8151205),(8151210),(8151230),(8151240),(8151250),(8151255),(8151260),(8151270),(8151280),(8151290),(8151300),(8151303),(8151305),(8151310),(8151320),(8151330),(8151340),(8151350),(8151360),(8151370),(8151380),(8151390),(8151400),(8151410),(8151420),(8151430),(8151440),(8151445),(8151450),(8151460),(8151470),(8151480),(8151490),(8151500),(8151510),(8151520),(8151530),(8151550),(8151560),(8151570),(8151580),(8151590),(8151600),(8151602),(8151605),(8151607),(8151610),(8151615),(8151620),(8151625),(8151630),(8151635),(8151640),(8151645),(8151650),(8151655),(8151660),(8151670),(8151680),(8151690),(8151700),(8151710),(8151720),(8151730),(8151750),(8151760),(8151762),(8151770),(8151780),(8151790),(8152020),(8152030),(8152040),(8152050),(8152060),(8152070),(8152080),(8152090),(8152100),(8152110),(8152120),(8152125),(8152130),(8160000),(8160010),(8160015),(8160020),(8160030),(8160040),(8160050),(8160060),(8160070),(8160080),(8160090),(8160100),(8160110),(8160115),(8160120),(8160130),(8160140),(8160142),(8160160),(8160180),(8160190),(8160195),(8160200),(8160210),(8160220),(8160232),(8160240),(8160245),(8160250),(8160260),(8160265),(8160270),(8160280),(8160290),(8160300),(8160310),(8160320),(8160330),(8160335),(8160340),(8160350),(8160355),(8160360),(8160370),(8160375),(8160380),(8160385),(8160390),(8160392),(8160400),(8160410),(8160415),(8160420),(8160430),(8160440),(8160450),(8160460),(8160470),(8160475),(8160480),(8160490),(8160495),(8160500),(8160505),(8160510),(8160520),(8160530),(8160540),(8160550),(8160560),(8160570),(8160580),(8160590),(8160600),(8160610),(8160620),(8160630),(8160640),(8160650),(8160660),(8160670),(8160680),(8160690),(8160700),(8160705),(8160706),(8160710),(8160970),(8161000),(8161005),(8161010),(8161020),(8161030),(8161040),(8161050),(8161060),(8161070),(8161080),(8161090),(8161100),(8161110),(8161115),(8161120),(8161130),(8161140),(8161150),(8161160),(8161165),(8161170),(8161180),(8161190),(8161200),(8161210),(8161220),(8161225),(8161230),(8161240),(8161250),(8161260),(8161265),(8161270),(8161280),(8161290),(8161300),(8161310),(8161330),(8161340),(8161350),(8161360),(8161370),(8161380),(8161390),(8161400),(8161410),(8161420),(8161430),(8161440),(8161450),(8161460),(8161470),(8161475),(8161480),(8161490),(8161500),(8161510),(8161520),(8161530),(8161540),(8180000),(8180010),(8180020),(8180040),(8180050),(8180060),(8180070),(8180080),(8180082),(8180085),(8180086),(8180087),(8180090),(8180100),(8180110),(8180120),(8180140),(8180150),(8180160),(8180170),(8180180),(8180190),(8180200),(8180210),(8180220),(8180230),(8180240),(8180250),(8180260),(8180270),(8180275),(8180280),(8180290),(8180300),(8180305),(8180310),(8180320),(8180330),(8180340),(8180350),(8180360),(8180370),(8180375),(8180380),(8180390),(8180400),(8180410),(8180420),(8180424),(8180425),(8180428),(8180429),(8180430),(8180440),(8180450),(8180455),(8180460),(8180470),(8180480),(8180490),(8180500),(8180510),(8180520),(8180525),(8180530),(8180540),(8180550),(8180560),(8180570),(8180600),(8180610),(8180620),(8180630),(8180640),(8180650),(8180660),(8180670),(8180680),(8180690),(8180700),(8180710),(8180720),(8180730),(8180740),(8180750),(8180760),(8180770),(8180780),(8180790),(8190000),(8190003),(8190010),(8190020),(8190030),(8190035),(8190040),(8190050),(8190060),(8190070),(8190080),(8190085),(8190090),(8190095),(8190100),(8190110),(8190120),(8190130),(8190140),(8190145),(8190150),(8190160),(8190180),(8190190),(8190200),(8190210),(8190220),(8190240),(8190250),(8190270),(8190280),(8190290),(8190300),(8190303),(8190310),(8190315),(8190330),(8190340),(8190350),(8190360),(8190370),(8190380),(8190390),(8190395),(8190400),(8190405),(8190410),(8190420),(8190430),(8190440),(8190450),(8190460),(8190461),(8190470),(8190480),(8190490),(8190500),(8190510),(8190520),(8190530),(8190540),(8190550),(8190560),(8191000),(8191010),(8191021),(8191030),(8191050),(8191055),(8191060),(8191070),(8191080),(8191090),(8191100),(8191110),(8191120),(8191130),(8191135),(8191150),(8191160),(8191170),(8191180),(8191190),(8191200),(8191210),(8191220),(8191230),(8191231),(8191240),(8191250),(8191260),(8191270),(8191280),(8191290),(8191300),(8191310),(8191320),(8191330),(8191331),(8191332),(8191333),(8191335),(8191340),(8191350),(8191360),(8191370),(8191380),(8191390),(8191400),(8210000),(8210010),(8210020),(8210030),(8210040),(8210050),(8210060),(8210070),(8210080),(8210090),(8210100),(8210110),(8210120),(8210130),(8210140),(8210150),(8210160),(8210170),(8210180),(8210190),(8210200),(8210210),(8210220),(8210221),(8210222),(8210225),(8210230),(8210300),(8210310),(8210320),(8210330),(8210340),(8210350),(8210360),(8210370),(8210380),(8210400),(8210410),(8210430),(8210435),(8210440),(8210450),(8210452),(8210453),(8210455),(8210470),(8210490),(8210500),(8210510),(8210511),(8210520),(8210530),(8210535),(8210540),(8210550),(8210560),(8210565),(8210570),(8210580),(8210590),(8210610),(8210613),(8210620),(8210630),(8210640),(8210650),(8210660),(8210661),(8210665),(8210670),(8210680),(8210681),(8210690),(8210700),(8210710),(8210715),(8210720),(8210730),(8210740),(8210745),(8210750),(8210760),(8210770),(8210780),(8210785),(8210790),(8210791),(8210795),(8215000),(8215010),(8215020),(8215040),(8215050),(8215060),(8215070),(8215080),(8215086),(8215090),(8215100),(8215110),(8215115),(8215120),(8215130),(8215140),(8215150),(8215153),(8215160),(8215170),(8215180),(8215190),(8215200),(8215210),(8215220),(8215230),(8215240),(8215250),(8215255),(8215257),(8215260),(8215263),(8215265),(8215270),(8215280),(8215285),(8215290),(8215291),(8215295),(8215300),(8215305),(8215310),(8215315),(8215320),(8215330),(8215335),(8215340),(8215350),(8215355),(8215360),(8215370),(8215380),(8215390),(8215400),(8215405),(8215410),(8215420),(8215430),(8215440),(8215450),(8215460),(8215470),(8215480),(8215490),(8215500),(8215510),(8215520),(8215530),(8215540),(8215545),(8215550),(8215560),(8215570),(8215580),(8215590),(8215600),(8215610),(8215620),(8215630),(8215640),(8215650),(8215655),(8215657),(8215660),(8215670),(8215680),(8215690),(8215700),(8220000),(8220010),(8220011),(8220020),(8220021),(8220030),(8220040),(8220041),(8220050),(8220060),(8220070),(8220080),(8220090),(8220100),(8220110),(8220111),(8220120),(8220130),(8220140),(8220150),(8220151),(8220152),(8220153),(8220154),(8220155),(8220156),(8220157),(8220158),(8220159),(8220160),(8220170),(8220180),(8220190),(8220200),(8220210),(8220211),(8220212),(8220213),(8220214),(8220215),(8220220),(8220225),(8220230),(8220240),(8220241),(8220250),(8220251),(8220252),(8220260),(8220270),(8220275),(8220280),(8220281),(8220285),(8220290),(8220300),(8220310),(8220320),(8220330),(8220340),(8220350),(8220355),(8220360),(8220370),(8220380),(8220385),(8220390),(8220395),(8220400),(8220405),(8220410),(8220415),(8220420),(8220430),(8220440),(8220450),(8220460),(8220470),(8220480),(8220490),(8220500),(8220510),(8220520),(8220530),(8220535),(8220540),(8220550),(8220560),(8220570),(8220580),(8220585),(8220590),(8220600),(8220610),(8220620),(8220630),(8220640),(8220650),(8220660),(8220670),(8220675),(8220680),(8220685),(8220690),(8220695),(8220700),(8220705),(8220710),(8220715),(8220720),(8220730),(8220740),(8220750),(8220760),(8220770),(8220780),(8220790),(8220800),(8220820),(8220830),(8220831),(8220900),(8220970),(8220971),(8220999),(8223000),(8223005),(8223010),(8223020),(8223030),(8223031),(8223032),(8223040),(8223050),(8223051),(8223060),(8223061),(8223070),(8223080),(8223085),(8223090),(8223100),(8223101),(8223110),(8223120),(8223121),(8223125),(8223130),(8223131),(8223132),(8223140),(8223150),(8223160),(8223170),(8223180),(8223190),(8223200),(8223210),(8223220),(8223230),(8223240),(8223250),(8223260),(8223261),(8223262),(8223265),(8223266),(8223267),(8223268),(8223269),(8223270),(8223271),(8223272),(8223273),(8223274),(8223280),(8223290),(8223310),(8223320),(8223330),(8223340),(8223341),(8223350),(8223351),(8223352),(8223353),(8223354),(8223355),(8223356),(8223357),(8223358),(8223359),(8223361),(8223362),(8223363),(8223364),(8223365),(8223366),(8223370),(8223380),(8223390),(8223400),(8223410),(8223420),(8223430),(8223440),(8223450),(8223460),(8223470),(8223480),(8223490),(8223500),(8223510),(8223520),(8223530),(8223540),(8223545),(8223550),(8223570),(8223580),(8223590),(8223600),(8223610),(8223620),(8223630),(8223640),(8223650),(8223660),(8225000),(8225005),(8225010),(8225020),(8225030),(8225040),(8225050),(8225060),(8225070),(8225080),(8225090),(8225100),(8225110),(8225120),(8225130),(8225140),(8225150),(8225160),(8225170),(8225180),(8225190),(8225200),(8225210),(8225220),(8225230),(8225240),(8225250),(8225260),(8225270),(8225271),(8225280),(8225290),(8225300),(8225310),(8225320),(8225330),(8225340),(8225345),(8225350),(8225360),(8225370),(8225380),(8225390),(8225400),(8225405),(8225410),(8225415),(8225420),(8225430),(8225435),(8225440),(8225445),(8225450),(8225460),(8225470),(8225480),(8225485),(8225490),(8225495),(8225500),(8225510),(8225520),(8225530),(8225540),(8225550),(8225560),(8225570),(8225580),(8225590),(8225600),(8225610),(8225700),(8226000),(8226001),(8226002),(8226003),(8226005),(8226006),(8226007),(8226008),(8226009),(8226010),(8226011),(8226012),(8226013),(8226014),(8226015),(8226016),(8226017),(8226018),(8226019),(8226020),(8226021),(8226022),(8226023),(8226024),(8226025),(8226026),(8226027),(8230000),(8230010),(8230011),(8230013),(8230015),(8230020),(8230023),(8230025),(8230030),(8230035),(8230040),(8230050),(8230060),(8230070),(8230080),(8230090),(8230100),(8230110),(8230115),(8230120),(8230125),(8230130),(8230140),(8230150),(8230160),(8230170),(8230180),(8230190),(8230200),(8230205),(8230210),(8230220),(8230230),(8230240),(8230250),(8230260),(8230270),(8230280),(8230290),(8230300),(8230310),(8230320),(8230330),(8230340),(8230350),(8230360),(8230365),(8230370),(8230380),(8230390),(8230400),(8230405),(8230410),(8230413),(8230415),(8230420),(8230430),(8230440),(8230450),(8230453),(8230455),(8230460),(8230470),(8230480),(8230490),(8230500),(8230510),(8230520),(8230530),(8230540),(8230550),(8230560),(8230563),(8230565),(8230570),(8230580),(8230590),(8230600),(8230610),(8230620),(8230630),(8230640),(8230650),(8230660),(8230670),(8230680),(8230685),(8230690),(8230700),(8230701),(8230705),(8230710),(8230720),(8230730),(8230735),(8230740),(8230750),(8230755),(8230760),(8230770),(8230780),(8230785),(8230790),(8230800),(8230810),(8230820),(8230830),(8230835),(8230840),(8230850),(8235000),(8235010),(8235020),(8235030),(8235035),(8235040),(8235050),(8235060),(8235070),(8235080),(8235085),(8235090),(8235095),(8235100),(8235101),(8235110),(8235120),(8235130),(8235140),(8235150),(8235160),(8235165),(8235170),(8235180),(8235190),(8235200),(8235210),(8235220),(8235230),(8235240),(8235245),(8235250),(8235260),(8235270),(8235280),(8235290),(8235295),(8235300),(8235310),(8235320),(8235330),(8235340),(8235350),(8235360),(8235370),(8235380),(8235390),(8235395),(8235400),(8235410),(8235420),(8235430),(8235440),(8235450),(8235455),(8235460),(8235470),(8235480),(8235490),(8235500),(8235505),(8235510),(8235520),(8235530),(8235540),(8235550),(8235560),(8235570),(8235571),(8235572),(8235573),(8235574),(8235580),(8235590),(8235600),(8235610),(8235620),(8235625),(8235630),(8235640),(8235650),(8235660),(8235680),(8235690),(8235700),(8235710),(8235720),(8235730),(8235740),(8235750),(8235755),(8235760),(8235770),(8235780),(8235790),(8235791),(8235792),(8235793),(8235800),(8235810),(8235820),(8235830),(8235840),(8235850),(8240000),(8240001),(8240005),(8240010),(8240011),(8240020),(8240030),(8240040),(8240050),(8240060),(8240070),(8240075),(8240076),(8240077),(8240080),(8240090),(8240095),(8240100),(8240105),(8240110),(8240120),(8240130),(8240140),(8240150),(8240151),(8240160),(8240165),(8240170),(8240173),(8240174),(8240175),(8240180),(8240200),(8240210),(8240213),(8240215),(8240217),(8240220),(8240230),(8240240),(8240243),(8240245),(8240250),(8240260),(8240270),(8240300),(8240305),(8240340),(8240350),(8240360),(8240370),(8240380),(8240390),(8240400),(8240410),(8240420),(8240430),(8240435),(8240440),(8240445),(8240450),(8240460),(8240470),(8240475),(8240480),(8240481),(8240490),(8240500),(8240520),(8240530),(8240540),(8240550),(8240570),(8240580),(8240585),(8240590),(8240591),(8240600),(8240605),(8240620),(8240621),(8240630),(8240640),(8240641),(8240650),(8240660),(8240665),(8240670),(8240680),(8240700),(8240710),(8240720),(8240730),(8240740),(8241250),(8245000),(8245010),(8245020),(8245025),(8245030),(8245040),(8245045),(8245055),(8245060),(8245065),(8245070),(8245080),(8245090),(8245100),(8245110),(8245120),(8245130),(8245140),(8245150),(8245160),(8245161),(8245170),(8245180),(8245190),(8245200),(8245210),(8245220),(8245230),(8245240),(8245250),(8245260),(8245265),(8245280),(8245290),(8245300),(8245310),(8245320),(8245325),(8245330),(8245340),(8245350),(8245360),(8245370),(8245380),(8245390),(8245400),(8245410),(8245420),(8245430),(8245440),(8245450),(8245460),(8245470),(8245475),(8245480),(8245490),(8245500),(8245510),(8245520),(8245530),(8245540),(8245550),(8245560),(8245570),(8245580),(8245590),(8245600),(8245610),(8246000),(8246001),(8246010),(8246015),(8246020),(8246025),(8246030),(8246031),(8246035),(8246040),(8246050),(8246055),(8246056),(8246058),(8246060),(8246061),(8246063),(8246065),(8246066),(8246067),(8246070),(8246075),(8246080),(8246081),(8246085),(8246090),(8246091),(8246100),(8246101),(8246105),(8246106),(8246110),(8247000),(8247001),(8247010),(8247015),(8247020),(8247025),(8247030),(8247035),(8247040),(8247045),(8247050),(8247055),(8247056),(8247060),(8247065),(8247070),(8247075),(8247080),(8247085),(8247090),(8247095),(8247100),(8247110),(8247115),(8247120),(8248000),(8248010),(8248011),(8248015),(8248020),(8248025),(8248030),(8248035),(8248040),(8248045),(8250390),(8250400),(8250410),(8250420),(8250430),(8250440),(8250450),(8250470),(8250480),(8250490),(8250500),(8250510),(8250520),(8250530),(8250540),(8250550),(8250560),(8250570),(8250580),(8250585),(8250590),(8250600),(8250610),(8250620),(8250630),(8250640),(8250650),(8250660),(8250670),(8250680),(8250690),(8250700),(8250710),(8250720),(8250730),(8250740),(8253000),(8253001),(8253005),(8253010),(8253015),(8253020),(8253030),(8253040),(8253050),(8253060),(8253070),(8253080),(8253090),(8253100),(8253110),(8253120),(8253130),(8253140),(8253150),(8253160),(8253170),(8253180),(8253190),(8253200),(8253210),(8253220),(8253230),(8253250),(8253260),(8253270),(8253280),(8253290),(8253300),(8253310),(8253320),(8253330),(8253340),(8253350),(8253360),(8253370),(8253375),(8253380),(8253390),(8253410),(8253420),(8253440),(8253445),(8253450),(8253460),(8253470),(8253480),(8253490),(8253495),(8253500),(8253510),(8253520),(8253530),(8253540),(8253550),(8253560),(8253570),(8253580),(8253590),(8253600),(8253610),(8253620),(8253630),(8253640),(8253650),(8253655),(8253660),(8253670),(8253680),(8253690),(8253700),(8253710),(8253720),(8253970),(8255000),(8255010),(8255015),(8255020),(8255030),(8255040),(8255050),(8255060),(8255070),(8255080),(8255090),(8255100),(8255110),(8255120),(8255130),(8255140),(8255150),(8255160),(8255170),(8255180),(8255190),(8255200),(8255210),(8255220),(8255225),(8255230),(8255240),(8255250),(8255260),(8255270),(8255280),(8255290),(8255300),(8255310),(8255315),(8255330),(8255340),(8255345),(8255350),(8255360),(8255370),(8255380),(8255390),(8255400),(8255410),(8255415),(8255420),(8255430),(8255440),(8255450),(8255460),(8255470),(8255480),(8255490),(8255500),(8255510),(8255520),(8255530),(8255540),(8255550),(8255560),(8255570),(8255580),(8255585),(8255590),(8255600),(8255610),(8255620),(8255630),(8255640),(8255660),(8255670),(8255673),(8255675),(8255680),(8255690),(8255700),(8255710),(8255720),(8255730),(8255740),(8257010),(8257020),(8257030),(8257040),(8257050),(8257060),(8257070),(8257080),(8257090),(8257100),(8257110),(8257120),(8257130),(8257140),(8257150),(8257160),(8257170),(8260000),(8260001),(8260005),(8260020),(8260030),(8260040),(8260050),(8260060),(8260070),(8260080),(8260090),(8260100),(8260110),(8260120),(8260125),(8260127),(8260130),(8260140),(8260150),(8260155),(8260160),(8260170),(8260180),(8260190),(8260200),(8260210),(8260220),(8260230),(8260240),(8260250),(8260260),(8260265),(8260270),(8260275),(8260280),(8260290),(8260300),(8260305),(8260310),(8260320),(8260330),(8260340),(8260350),(8260360),(8260370),(8260380),(8260390),(8260391),(8260410),(8260420),(8260430),(8265000),(8265005),(8265010),(8265020),(8265030),(8265035),(8265040),(8265045),(8265060),(8265065),(8265070),(8265080),(8265090),(8265100),(8265110),(8265115),(8265120),(8265130),(8265140),(8265150),(8265170),(8265180),(8265190),(8265200),(8265210),(8265220),(8265230),(8265240),(8265250),(8265260),(8265270),(8265280),(8265290),(8265300),(8265310),(8265320),(8265330),(8265340),(8265350),(8265360),(8265370),(8265380),(8265381),(8265390),(8265400),(8270000),(8270001),(8270010),(8270020),(8270030),(8270040),(8270050),(8270060),(8270070),(8270080),(8270085),(8270090),(8270095),(8270100),(8270110),(8270120),(8270130),(8270135),(8270140),(8270150),(8270155),(8270160),(8270170),(8270180),(8270190),(8270200),(8270210),(8270220),(8270230),(8270240),(8270250),(8270260),(8270270),(8270280),(8270290),(8270300),(8270310),(8270320),(8270330),(8270340),(8270345),(8270350),(8270360),(8270370),(8270375),(8270380),(8270385),(8270390),(8270395),(8270397),(8270410),(8270415),(8270420),(8270425),(8270430),(8270440),(8270445),(8270450),(8270460),(8270465),(8270470),(8270480),(8270490),(8270500),(8270510),(8270520),(8270530),(8270540),(8270545),(8270550),(8270560),(8270570),(8270580),(8270590),(8270600),(8270610),(8270620),(8270630),(8270640),(8270655),(8270660),(8270670),(8270680),(8270690),(8270698),(8270700),(8275000),(8275001),(8275010),(8275020),(8275025),(8275030),(8275040),(8275045),(8275050),(8275070),(8275075),(8275080),(8275085),(8275090),(8275100),(8275110),(8275120),(8275130),(8275140),(8275150),(8275160),(8275170),(8275180),(8275190),(8275200),(8275210),(8275220),(8275230),(8275240),(8275250),(8275260),(8275270),(8275275),(8275280),(8275290),(8275300),(8275305),(8275310),(8275315),(8275320),(8275330),(8275340),(8275350),(8275360),(8275370),(8275380),(8275385),(8275400),(8275410),(8275420),(8275430),(8275435),(8275440),(8275450),(8275460),(8275470),(8275480),(8275490),(8275500),(8275510),(8275520),(8275530),(8275540),(8275545),(8275560),(8275570),(8275580),(8275590),(8275600),(8275610),(8275620),(8275630),(8275640),(8275650),(8275660),(8275670),(8275680),(8275690),(8275700),(8275710),(8275720),(8275730),(8275740),(8275750),(8275760),(8275770),(8275780),(8280000),(8280001),(8280005),(8280020),(8280030),(8280040),(8280050),(8280060),(8280070),(8280080),(8280090),(8280100),(8280105),(8280106),(8280107),(8280110),(8280115),(8280120),(8280130),(8280140),(8280150),(8280160),(8280170),(8280180),(8280190),(8280200),(8280210),(8280220),(8280230),(8280235),(8280240),(8280250),(8280260),(8280263),(8280265),(8280280),(8280290),(8280300),(8280310),(8280320),(8280330),(8280340),(8280350),(8280360),(8280370),(8280380),(8280390),(8280400),(8280405),(8280410),(8280420),(8280430),(8280440),(8280450),(8280460),(8280470),(8280475),(8280480),(8280490),(8280500),(8280510),(8280520),(8280530),(8280540),(8280550),(8280560),(8280570),(8280580),(8280590),(8280600),(8280610),(8280620),(8280625),(8280630),(8280640),(8280650),(8280660),(8280670),(8280680),(8280690),(8280700),(8285000),(8285010),(8285020),(8285030),(8285040),(8285050),(8285060),(8285065),(8285070),(8285080),(8285090),(8285100),(8285110),(8285120),(8285130),(8285140),(8285150),(8285160),(8285170),(8285180),(8285190),(8285200),(8285210),(8285220),(8285230),(8285240),(8285250),(8285260),(8285270),(8285280),(8285290),(8285300),(8285310),(8285320),(8285330),(8285340),(8285350),(8290000),(8290001),(8290003),(8290005),(8290010),(8290020),(8290030),(8290040),(8290050),(8290060),(8290070),(8290080),(8290090),(8290100),(8290110),(8290120),(8290130),(8290140),(8290150),(8290160),(8290170),(8290180),(8290185),(8290190),(8290200),(8290210),(8290220),(8290225),(8290230),(8290240),(8290250),(8290260),(8290270),(8290280),(8290290),(8290300),(8290310),(8290320),(8290330),(8290335),(8290350),(8290360),(8290370),(8290375),(8290380),(8290385),(8290400),(8290410),(8290420),(8290425),(8290430),(8290432),(8290435),(8290440),(8290450),(8290460),(8290470),(8290480),(8290490),(8290500),(8290501),(8290503),(8290505),(8290507),(8290520),(8290530),(8290540),(8290545),(8290550),(8290560),(8290565),(8290570),(8290580),(8290590),(8290595),(8290610),(8290620),(8290630),(8290640),(8290650),(8290660),(8290665),(8290670),(8290680),(8290690),(8290700),(8290705),(8290710),(8290720),(8290730),(8290735),(8290970),(8295000),(8295001),(8295003),(8295005),(8295010),(8295015),(8295020),(8295030),(8295040),(8295050),(8295055),(8295060),(8295070),(8295080),(8295090),(8295100),(8295110),(8295120),(8295130),(8295140),(8295150),(8295160),(8295170),(8295180),(8295190),(8295200),(8295210),(8295220),(8295230),(8295240),(8295250),(8295260),(8295270),(8295280),(8295290),(8295295),(8295300),(8295302),(8295305),(8295310),(8295320),(8295330),(8295340),(8295345),(8295350),(8295360),(8295370),(8295380),(8295390),(8295400),(8295405),(8295410),(8295420),(8295430),(8295440),(8295450),(8295460),(8295480),(8295485),(8295490),(8295500),(8295510),(8295520),(8295540),(8295550),(8310000),(8310010),(8310015),(8310020),(8310030),(8310040),(8310050),(8310060),(8310070),(8310080),(8310090),(8310100),(8310110),(8310120),(8310130),(8310140),(8310150),(8310160),(8310165),(8310170),(8310180),(8310190),(8310200),(8310210),(8310220),(8310225),(8310230),(8310240),(8310250),(8310258),(8310260),(8310262),(8310264),(8310265),(8310266),(8310268),(8310269),(8310270),(8310280),(8310283),(8310290),(8310300),(8310310),(8310320),(8310330),(8310340),(8310345),(8310350),(8310355),(8310360),(8310370),(8310380),(8310385),(8310390),(8310400),(8310410),(8310420),(8310430),(8310440),(8310450),(8310470),(8310480),(8310490),(8310500),(8310510),(8310520),(8310530),(8310540),(8310550),(8310560),(8310561),(8310562),(8310565),(8310570),(8310575),(8310580),(8310590),(8310592),(8310594),(8310595),(8310598),(8310600),(8310610),(8310620),(8310630),(8310640),(8310645),(8310650),(8310660),(8310670),(8310675),(8310680),(8310690),(8310700),(8310710),(8310720),(8310730),(8310740),(8310745),(8310747),(8310750),(8310760),(8310765),(8310770),(8310775),(8310780),(8311000),(8311010),(8311020),(8311030),(8311040),(8311050),(8311060),(8311080),(8311090),(8311100),(8311110),(8311115),(8311117),(8311120),(8311125),(8311130),(8311135),(8311140),(8311150),(8311160),(8311170),(8311180),(8311190),(8311200),(8311210),(8311220),(8311230),(8311240),(8311260),(8311270),(8311280),(8311290),(8311330),(8311350),(8311360),(8311365),(8311370),(8311380),(8311390),(8311400),(8311410),(8311420),(8311430),(8311440),(8311450),(8311460),(8311470),(8311480),(8311490),(8311500),(8311510),(8311520),(8311530),(8311540),(8311550),(8311560),(8311565),(8311566),(8311567),(8311570),(8311580),(8311590),(8311600),(8311610),(8311620),(8311630),(8311640),(8311650),(8311660),(8311670),(8320000),(8320010),(8320020),(8320030),(8320040),(8320050),(8320060),(8320070),(8320080),(8320090),(8320100),(8320110),(8320115),(8320120),(8320130),(8320140),(8320150),(8320160),(8320165),(8320170),(8320175),(8320180),(8320185),(8320190),(8320200),(8320210),(8320220),(8320230),(8320240),(8320250),(8320260),(8320270),(8320280),(8320285),(8320290),(8320300),(8320305),(8320307),(8320310),(8320320),(8320330),(8320334),(8320340),(8320350),(8320360),(8320370),(8320375),(8320390),(8320395),(8320400),(8320410),(8320420),(8320430),(8320440),(8320450),(8320451),(8320452),(8320453),(8320460),(8320470),(8320480),(8320490),(8320493),(8320500),(8320510),(8320520),(8320530),(8320540),(8320550),(8320560),(8320570),(8320580),(8320590),(8320600),(8320630),(8320640),(8320641),(8320642),(8320643),(8320644),(8320645),(8320646),(8320647),(8320660),(8320670),(8320680),(8320685),(8320690),(8320700),(8320710),(8320720),(8320730),(8320740),(8320750),(8320760),(8320763),(8320766),(8320770),(8320780),(8320790),(8320800),(8320810),(8320820),(8320830),(8320840),(8320850),(8320860),(8320870),(8320872),(8320875),(8320880),(8320890),(8320895),(8321010),(8321020),(8321030),(8321035),(8321040),(8321050),(8321060),(8321070),(8321072),(8321074),(8321076),(8321078),(8321080),(8321082),(8321084),(8330000),(8330010),(8330020),(8330030),(8330034),(8330037),(8330040),(8330050),(8330051),(8330052),(8330053),(8330054),(8330055),(8330056),(8330060),(8330070),(8330080),(8330090),(8330095),(8330100),(8330110),(8330120),(8330130),(8330140),(8330150),(8330160),(8330170),(8330180),(8330190),(8330200),(8330210),(8330220),(8330230),(8330240),(8330245),(8330250),(8330260),(8330270),(8330280),(8330285),(8330290),(8330300),(8330305),(8330310),(8330315),(8330316),(8330318),(8330320),(8330330),(8330335),(8330340),(8330350),(8330360),(8330370),(8330380),(8330385),(8330390),(8330400),(8330401),(8330402),(8330403),(8330404),(8330405),(8330406),(8330408),(8330410),(8330415),(8330420),(8330422),(8330430),(8330435),(8330440),(8330442),(8330444),(8330450),(8330460),(8330470),(8330480),(8330485),(8330490),(8330495),(8330500),(8330510),(8330520),(8330530),(8330540),(8330550),(8330560),(8330570),(8330575),(8330580),(8330585),(8330587),(8330590),(8330600),(8330900),(8331000),(8331010),(8331020),(8331030),(8331040),(8331050),(8331060),(8331070),(8331080),(8331090),(8331100),(8331110),(8331120),(8331130),(8331140),(8331150),(8331160),(8331170),(8331180),(8331190),(8331200),(8331280),(8331380),(8331410),(8331420),(8340000),(8340001),(8340010),(8340020),(8340030),(8340040),(8340050),(8340060),(8340070),(8340080),(8340090),(8340092),(8340100),(8340110),(8340120),(8340128),(8340130),(8340140),(8340145),(8340146),(8340150),(8340160),(8340170),(8340180),(8340190),(8340200),(8340210),(8340220),(8340222),(8340225),(8340230),(8340240),(8340250),(8340260),(8340270),(8340280),(8340285),(8340290),(8340300),(8340310),(8340320),(8340330),(8340340),(8340350),(8340360),(8340370),(8340380),(8340390),(8340400),(8340410),(8340420),(8340425),(8340430),(8340435),(8340440),(8340450),(8340460),(8340470),(8340480),(8340490),(8340495),(8340500),(8340510),(8340520),(8340530),(8340540),(8340550),(8340600),(8340610),(8340620),(8340630),(8340640),(8340650),(8340660),(8340670),(8340680),(8340690),(8340900),(8340901),(8341000),(8341010),(8341020),(8341030),(8341040),(8341050),(8341060),(8341070),(8341080),(8341090),(8341100),(8341110),(8341120),(8341130),(8341140),(8341150),(8341160),(8341170),(8341180),(8341190),(8341200),(8341210),(8341220),(8341230),(8341235),(8341240),(8341250),(8341260),(8341270),(8341280),(8341285),(8341295),(8341305),(8341335),(8341340),(8341345),(8341350),(8341355),(8341360),(8341365),(8341370),(8341375),(8341380),(8341385),(8341390),(8341395),(8341400),(8341410),(8341420),(8341970),(8342000),(8342010),(8342020),(8342030),(8342040),(8342050),(8342060),(8342070),(8342080),(8342090),(8342100),(8342110),(8342120),(8342130),(8342140),(8342150),(8343000),(8343010),(8343030),(8343050),(8343100),(8343103),(8343105),(8343110),(8343120),(8343130),(8343135),(8343140),(8343150),(8343160),(8343170),(8343180),(8343190),(8343200),(8343210),(8343220),(8343230),(8343300),(8343310),(8343320),(8343330),(8343340),(8343350),(8343400),(8343410),(8343420),(8343430),(8343440),(8343500),(8343510),(8343520),(8343530),(8343540),(8343545),(8343550),(8343560),(8343565),(8343580),(8344000),(8344010),(8344020),(8344030),(8344040),(8344050),(8344060),(8344070),(8344080),(8344090),(8344110),(8344120),(8344130),(8344140),(8344150),(8344160),(8344170),(8344180),(8344190),(8344200),(8344210),(8344220),(8344230),(8344300),(8344310),(8344320),(8344330),(8344340),(8344350),(8344400),(8344410),(8344420),(8344430),(8344440),(8344450),(8344460),(8344470),(8344475),(8344480),(8344490),(8344500),(8344510),(8344520),(8344600),(8344610),(8344620),(8344630),(8344640),(8344650),(8344660),(8344670),(8344680),(8344700),(8344710),(8344720),(8345000),(8345010),(8345020),(8345030),(8345100),(8345110),(8345120),(8345130),(8345140),(8345150),(8345160),(8345170),(8345200),(8345210),(8345220),(8345230),(8345240),(8345245),(8345250),(8345260),(8345265),(8345280),(8345300),(8345310),(8345320),(8345330),(8345340),(8345350),(8345355),(8345360),(8345370),(8345380),(8345400),(8345500),(8345510),(8345520),(8345530),(8345540),(8345550),(8345560),(8345600),(8345610),(8345620),(8345630),(8345640),(8345650),(8345660),(8345665),(8345670),(8345680),(8346080),(8346360),(8346370),(8346375),(8346377),(8346380),(8346400),(8346405),(8346410),(8346415),(8346420),(8346425),(8346430),(8346435),(8346440),(8346445),(8346450),(8346455),(8346460),(8346465),(8346466),(8346470),(8346475),(8346480),(8346485),(8346487),(8346490),(8346492),(8346495),(8346500),(8346505),(8346510),(8346515),(8346517),(8346520),(8346522),(8346525),(8346530),(8346535),(8346536),(8346537),(8346540),(8346545),(8346550),(8346555),(8346557),(8346560),(8346565),(8346570),(8346575),(8346580),(8346585),(8346588),(8346590),(8346593),(8346595),(8346600),(8346605),(8347600),(8347605),(8347610),(8347615),(8347620),(8347625),(8347630),(8347635),(8347640),(8347645),(8347647),(8347650),(8347655),(8347657),(8347660),(8347665),(8347670),(8347680),(8347685),(8347690),(8370030),(8370090),(8370100),(8370110),(8370120),(8370130),(8370140),(8370150),(8370160),(8370170),(8370180),(8370189),(8370190),(8370191),(8370192),(8370193),(8370194),(8370195),(8370196),(8370200),(8370210),(8370220),(8370230),(8370240),(8370250),(8370260),(8370270),(8370280),(8370290),(8370300),(8370305),(8370310),(8370320),(8370330),(8370340),(8370345),(8370350),(8370360),(8370365),(8370370),(8370380),(8370390),(8370400),(8370410),(8370420),(8370425),(8370430),(8370440),(8370450),(8370455),(8370456),(8370460),(8370470),(8370480),(8370500),(8370510),(8370530),(8370532),(8370535),(8370540),(8370545),(8370546),(8370547),(8370550),(8370560),(8370565),(8370570),(8370575),(8371060),(8371070),(8371075),(8371080),(8371090),(8371100),(8371110),(8371120),(8371130),(8371140),(8371150),(8371160),(8371165),(8371170),(8371180),(8371190),(8371200),(8371210),(8371220),(8371230),(8371240),(8371250),(8371260),(8371270),(8371300),(8371350),(8371360),(8371370),(8371380),(8371390),(8371400),(8371410),(8371420),(8371430),(8371435),(8371440),(8371445),(8371448),(8371449),(8371450),(8371455),(8371460),(8371700),(8371710),(8371720),(8371730),(8372000),(8372010),(8372020),(8372030),(8372040),(8372050),(8372060),(8372070),(8372080),(8372090),(8372095),(8372100),(8372110),(8372200),(8372201),(8372202),(8372203),(8372204),(8372205),(8372206),(8372207),(8372208),(8372209),(8372220),(8372300),(8372302),(8372304),(8372306),(8372308),(8373100),(8373105),(8373110),(8373120),(8373125),(8373130),(8373135),(8373140),(8373150),(8373160),(8373170),(8373180),(8373185),(8373190),(8373195),(8373200),(8373210),(8373220),(8373230),(8373240),(8373250),(8373260),(8373270),(8373280),(8373290),(8373295),(8373300),(8373310),(8373315),(8373320),(8373330),(8373340),(8373600),(8373650),(8373660),(8373670),(8373680),(8373690),(8373700),(8373710),(8373715),(8373720),(8373730),(8373740),(8373750),(8373760),(8373770),(8373780),(8375000),(8375001),(8375100),(8375900),(8375971),(8380000),(8380003),(8380006),(8380009),(8380010),(8380012),(8380015),(8380018),(8380020),(8380021),(8380024),(8380027),(8380030),(8380033),(8380036),(8380039),(8380040),(8380042),(8380045),(8380048),(8380050),(8380051),(8380054),(8380055),(8380057),(8380059),(8380060),(8380180),(8380190),(8380200),(8380205),(8380210),(8380215),(8380220),(8380230),(8380240),(8380250),(8380260),(8380270),(8380280),(8380290),(8380295),(8380300),(8380310),(8380320),(8380330),(8381001),(8381010),(8381015),(8381020),(8381030),(8381040),(8381050),(8381060),(8381070),(8381073),(8381080),(8381090),(8381100),(8381110),(8381120),(8381130),(8381140),(8381143),(8381145),(8381150),(8381155),(8381160),(8381165),(8381170),(8381175),(8381180),(8381185),(8381330),(8381380),(8381580),(8381590),(8381620),(8381630),(8381640),(8381650),(8381660),(8381670),(8381680),(8381685),(8381690),(8381700),(8381710),(8381720),(8381730),(8381740),(8381750),(8381770),(8381780),(8381790),(8381800),(8381810),(8381820),(8381825),(8381827),(8381830),(8381840),(8381845),(8381850),(8381855),(8381860),(8381870),(8381890),(8382000),(8382010),(8382020),(8382030),(8382040),(8382050),(8382060),(8382070),(8382080),(8382083),(8382085),(8382090),(8382100),(8382105),(8382110),(8382112),(8382115),(8382116),(8382117),(8382120),(8382130),(8382132),(8382134),(8382135),(8382136),(8382137),(8382138),(8382140),(8382150),(8382160),(8382180),(8382182),(8382184),(8382185),(8382190),(8382200),(8382210),(8382240),(8382250),(8382255),(8382280),(8382320),(8382325),(8382330),(8382335),(8382340),(8382342),(8382345),(8382350),(8382420),(8382422),(8382430),(8382440),(8382442),(8382450),(8382455),(8382460),(8382470),(8382480),(8382490),(8382500),(8382505),(8382507),(8382508),(8382515),(8382517),(8382520),(8382525),(8382530),(8382540),(8382545),(8382551),(8382552),(8382553),(8382554),(8382555),(8382557),(8382560),(8382565),(8382570),(8382575),(8382580),(8382590),(8382595),(8382605),(8382610),(8382615),(8382620),(8382630),(8382635),(8382640),(8382645),(8382650),(8382655),(8382660),(8382670),(8382672),(8382674),(8382676),(8382678),(8382680),(8382682),(8382684),(8382686),(8382688),(8382690),(8382702),(8382730),(8382735),(8382740),(8382745),(8382790),(8382810),(8382830),(8382890),(8383000),(8383005),(8383008),(8383010),(8383015),(8383020),(8383030),(8383200),(8383210),(8383220),(8383230),(8383240),(8383245),(8383250),(8383260),(8383270),(8383500),(8383510),(8383520),(8383530),(8383540),(8383550),(8383560),(8383570),(8383580),(8383590),(8383600),(8383610),(8383620),(8383630),(8383640),(8383650),(8390000),(8390010),(8390020),(8390030),(8390040),(8390045),(8390050),(8390060),(8390070),(8390080),(8390090),(8390100),(8390110),(8390120),(8390130),(8390140),(8390150),(8390160),(8390170),(8390180),(8390190),(8390200),(8390210),(8390220),(8390230),(8390240),(8390241),(8390242),(8390243),(8390244),(8390245),(8390246),(8390247),(8390248),(8390249),(8390250),(8390252),(8390253),(8390255),(8390256),(8390257),(8390258),(8390259),(8390260),(8390261),(8390262),(8390263),(8390264),(8390265),(8390266),(8390267),(8390268),(8390269),(8390270),(8390271),(8390272),(8390273),(8390280),(8390290),(8390308),(8390309),(8390310),(8390311),(8390312),(8390313),(8390314),(8390315),(8390316),(8390317),(8390318),(8390319),(8390320),(8390321),(8390322),(8390323),(8390324),(8390325),(8390326),(8390327),(8390328),(8390329),(8390330),(8390331),(8390332),(8390333),(8390334),(8390335),(8390340),(8390350),(8390355),(8390357),(8390360),(8390370),(8390380),(8390390),(8390400),(8390410),(8390420),(8390430),(8390440),(8390460),(8390470),(8390480),(8390490),(8390500),(8390510),(8390512),(8390514),(8390515),(8390516),(8390518),(8390520),(8390530),(8390540),(8390541),(8390542),(8390543),(8390544),(8390545),(8390546),(8390550),(8390560),(8391001),(8391010),(8391020),(8391030),(8391040),(8391050),(8391060),(8391070),(8391080),(8391082),(8391090),(8391100),(8391110),(8391120),(8391130),(8391140),(8391142),(8391144),(8391150),(8391152),(8391160),(8391170),(8391180),(8391190),(8391200),(8391210),(8391220),(8391221),(8391222),(8391223),(8391225),(8391230),(8391240),(8391250),(8391260),(8391270),(8391280),(8391290),(8391300),(8391310),(8391320),(8391330),(8391340),(8391350),(8391360),(8391370),(8391380),(8391390),(8391400),(8391410),(8391420),(8391430),(8391435),(8391440),(8391445),(8391450),(8391460),(8391470),(8391480),(8391490),(8391500),(8391505),(8391509),(8391570),(8391571),(8391572),(8391573),(8391574),(8391575),(8391576),(8391577),(8391578),(8391579),(8391580),(8391581),(8391582),(8391583),(8391584),(8391585),(8391586),(8391587),(8391588),(8391589),(8391590),(8391591),(8391592),(8391593),(8391594),(8391595),(8391596),(8391597),(8391598),(8391599),(8391600),(8391601),(8391602),(8391603),(8391604),(8391605),(8391606),(8391607),(8391608),(8391700),(8391705),(8391708),(8391710),(8391712),(8391715),(8391716),(8391718),(8391720),(8395000),(8395010),(8395020),(8395030),(8395040),(8395050),(8395060),(8395070),(8395080),(8395090),(8395100),(8395110),(8395120),(8395130),(8395140),(8395150),(8395160),(8395170),(8395180),(8395190),(8395200),(8395210),(8395220),(8395230),(8395240),(8395250),(8395260),(8395265),(8395270),(8395280),(8395290),(8395300),(8395310),(8395320),(8395323),(8395325),(8395327),(8395330),(8395335),(8395340),(8395345),(8395350),(8410000),(8410005),(8410010),(8410012),(8410014),(8410020),(8410030),(8410040),(8410050),(8410060),(8410070),(8410071),(8410080),(8410090),(8410100),(8410110),(8410120),(8410130),(8410131),(8410150),(8410155),(8410160),(8410162),(8410165),(8410170),(8410180),(8410190),(8410200),(8410210),(8410220),(8410230),(8410250),(8410260),(8410270),(8410280),(8410290),(8410300),(8410305),(8410310),(8410315),(8410320),(8410330),(8410340),(8410345),(8410350),(8410355),(8410370),(8410380),(8410390),(8410400),(8410410),(8410415),(8410420),(8410425),(8410430),(8410440),(8410450),(8410460),(8410470),(8410480),(8410490),(8410500),(8410505),(8410510),(8410520),(8410530),(8410540),(8410541),(8410550),(8410560),(8410570),(8411000),(8411009),(8411010),(8411020),(8411030),(8411040),(8411050),(8411060),(8411070),(8411075),(8411080),(8411085),(8411090),(8411100),(8411102),(8411110),(8411115),(8411120),(8411130),(8411131),(8411140),(8411145),(8411150),(8411160),(8411170),(8411180),(8411190),(8411200),(8411210),(8411219),(8411220),(8411221),(8411230),(8411240),(8411250),(8411270),(8411271),(8411280),(8411290),(8411300),(8411305),(8411310),(8411311),(8411320),(8411330),(8411340),(8411345),(8411350),(8411360),(8411370),(8411380),(8411390),(8411400),(8411410),(8411420),(8411430),(8411440),(8411445),(8411450),(8411460),(8411461),(8411462),(8411463),(8411465),(8411470),(8411480),(8411490),(8411500),(8411510),(8411515),(8411520),(8411530),(8411540),(8411550),(8411560),(8411570),(8412000),(8412006),(8412010),(8412020),(8412030),(8412040),(8412070),(8412080),(8412090),(8412100),(8412110),(8412115),(8412117),(8412120),(8412130),(8412140),(8412150),(8412160),(8412170),(8412180),(8412185),(8412190),(8420000),(8420010),(8420020),(8420030),(8420040),(8420050),(8420060),(8420070),(8420080),(8420081),(8420090),(8420092),(8420100),(8420110),(8420120),(8420130),(8420150),(8420160),(8420170),(8420180),(8420190),(8420200),(8420210),(8420220),(8420230),(8420240),(8420250),(8420260),(8420270),(8420280),(8420290),(8420300),(8420318),(8420320),(8420330),(8420340),(8420350),(8420355),(8420360),(8420370),(8420380),(8420400),(8420410),(8420420),(8420430),(8420440),(8420450),(8420460),(8420470),(8420480),(8420490),(8420495),(8420500),(8420510),(8420520),(8420530),(8420540),(8420550),(8420560),(8420570),(8420580),(8420585),(8420590),(8420600),(8420605),(8420610),(8420620),(8420630),(8420640),(8420650),(8420652),(8420654),(8420660),(8420662),(8420670),(8420680),(8420682),(8420690),(8420700),(8420702),(8420710),(8420715),(8420720),(8420723),(8420725),(8420730),(8420740),(8420750),(8420755),(8420760),(8420770),(8420970),(8421000),(8421010),(8421020),(8421030),(8421035),(8421040),(8421050),(8421055),(8421060),(8421070),(8421080),(8421085),(8421090),(8421100),(8421105),(8421106),(8421107),(8421108),(8421110),(8421115),(8421120),(8421130),(8421131),(8421135),(8421140),(8421141),(8421150),(8421155),(8421170),(8421180),(8421190),(8421200),(8421210),(8421220),(8421230),(8421240),(8421250),(8421260),(8421270),(8421280),(8421290),(8421300),(8421310),(8421320),(8421330),(8421340),(8421350),(8421360),(8421370),(8421380),(8421390),(8421400),(8421410),(8421420),(8421430),(8421440),(8421450),(8421460),(8421470),(8421480),(8421490),(8421500),(8421510),(8421520),(8421521),(8421530),(8421540),(8421550),(8421552),(8421560),(8421570),(8421580),(8430000),(8430005),(8430020),(8430025),(8430026),(8430027),(8430028),(8430031),(8430040),(8430050),(8430060),(8430070),(8430080),(8430090),(8430100),(8430110),(8430115),(8430120),(8430130),(8430140),(8430150),(8430160),(8430170),(8430180),(8430190),(8430200),(8430210),(8430220),(8430230),(8430240),(8430250),(8430260),(8430270),(8430280),(8430285),(8430290),(8430300),(8430310),(8430320),(8430330),(8430335),(8430340),(8430350),(8430360),(8430370),(8430380),(8430390),(8430400),(8430410),(8430420),(8430430),(8430440),(8430450),(8430460),(8430465),(8430470),(8430480),(8430490),(8430500),(8430510),(8430520),(8430530),(8430535),(8430540),(8430550),(8430560),(8430570),(8430580),(8430590),(8430600),(8430610),(8430620),(8430630),(8430640),(8430650),(8430660),(8430665),(8430670),(8430680),(8430690),(8430700),(8430710),(8430720),(8430730),(8430740),(8430750),(8430755),(8430760),(8430770),(8430780),(8430790),(8430800),(8430810),(8430820),(8430840),(8430850),(8430853),(8430855),(8430860),(8430863),(8430865),(8430870),(8430873),(8430875),(8430880),(8430883),(8430885),(8430890),(8430893),(8430895),(8430897),(8430900),(8431000),(8431010),(8431020),(8431030),(8431040),(8431050),(8431055),(8431060),(8431065),(8431070),(8431071),(8431072),(8431073),(8431074),(8431080),(8431090),(8431100),(8431110),(8431120),(8431121),(8431125),(8431130),(8431140),(8431150),(8431155),(8431160),(8431165),(8431170),(8431190),(8431191),(8431200),(8431205),(8431210),(8431220),(8431221),(8431230),(8431231),(8431232),(8431233),(8431240),(8431250),(8431260),(8431270),(8431280),(8431290),(8431300),(8431310),(8431320),(8431330),(8431340),(8431350),(8431360),(8431361),(8431370),(8431371),(8431380),(8431390),(8431400),(8431410),(8431415),(8431420),(8431430),(8431440),(8431450),(8431460),(8431470),(8431480),(8431490),(8431500),(8431501),(8431510),(8431512),(8431514),(8431516),(8431520),(8431530),(8431540),(8431550),(8431560),(8431570),(8431580),(8431585),(8431590),(8431600),(8431610),(8431620),(8431630),(8431640),(8431641),(8431642),(8431643),(8431644),(8431645),(8431646),(8431647),(8431648),(8431649),(8431650),(8431653),(8431654),(8431655),(8431656),(8431657),(8431658),(8431660),(8431670),(8431680),(8431681),(8431690),(8431700),(8431710),(8431720),(8431730),(8431740),(8431750),(8431760),(8431770),(8431790),(8431800),(8431801),(8431810),(8431820),(8431830),(8440000),(8440010),(8440020),(8440030),(8440040),(8440042),(8440050),(8440060),(8440070),(8440080),(8440090),(8440100),(8440110),(8440120),(8440130),(8440135),(8440140),(8440150),(8440160),(8440170),(8440180),(8440181),(8440190),(8440191),(8440200),(8440210),(8440220),(8440230),(8440240),(8440250),(8440260),(8440261),(8440270),(8440280),(8440290),(8440300),(8440301),(8440310),(8440312),(8440320),(8440330),(8440340),(8440341),(8440350),(8440360),(8440370),(8440380),(8440390),(8440400),(8440410),(8440420),(8440430),(8440440),(8440445),(8440450),(8440460),(8440470),(8440475),(8440480),(8440490),(8440500),(8440502),(8440504),(8440506),(8440510),(8440512),(8440514),(8440520),(8440525),(8440530),(8440535),(8440540),(8440541),(8440545),(8440549),(8440550),(8440560),(8440565),(8440570),(8440580),(8440590),(8440600),(8440610),(8440620),(8440630),(8441000),(8441010),(8441015),(8441020),(8441030),(8441040),(8441050),(8441051),(8441060),(8441070),(8441080),(8441085),(8441090),(8441100),(8441105),(8441107),(8441109),(8441110),(8441115),(8441117),(8441120),(8441125),(8441127),(8441130),(8441140),(8441145),(8441150),(8441155),(8441157),(8441160),(8441170),(8441180),(8441190),(8441191),(8441200),(8441210),(8441211),(8441220),(8441230),(8441240),(8441250),(8441260),(8441270),(8441280),(8441290),(8441300),(8441310),(8441320),(8441330),(8441340),(8441350),(8441360),(8441370),(8441380),(8441390),(8441410),(8441420),(8441430),(8441440),(8441450),(8441460),(8441470),(8441480),(8441490),(8441500),(8441510),(8441515),(8441520),(8450000),(8450002),(8450005),(8450006),(8450010),(8450020),(8450030),(8450040),(8450050),(8450060),(8450070),(8450080),(8450081),(8450090),(8450100),(8450110),(8450120),(8450130),(8450140),(8450150),(8450152),(8450160),(8450161),(8450162),(8450170),(8450180),(8450190),(8450200),(8450210),(8450220),(8450230),(8450235),(8450240),(8450250),(8450251),(8450255),(8450260),(8450270),(8450280),(8450290),(8450300),(8450310),(8450311),(8450320),(8450325),(8450330),(8450335),(8450340),(8450350),(8450355),(8450360),(8450370),(8450378),(8450380),(8450382),(8450384),(8450390),(8450395),(8450400),(8450410),(8450420),(8450430),(8450435),(8450440),(8450448),(8450450),(8450451),(8450452),(8450453),(8450455),(8450460),(8450461),(8450462),(8450463),(8450465),(8450470),(8450480),(8450490),(8450495),(8450500),(8450505),(8450510),(8450520),(8450530),(8450540),(8450550),(8450552),(8450554),(8450556),(8450558),(8450560),(8450562),(8450564),(8450566),(8450570),(8450572),(8450574),(8450576),(8450580),(8450581),(8450590),(8450592),(8450594),(8450600),(8450630),(8450660),(8450970),(8451000),(8451001),(8451010),(8451015),(8451020),(8451030),(8451032),(8451034),(8451040),(8451050),(8451055),(8451056),(8451060),(8451065),(8451070),(8451080),(8451090),(8451100),(8451110),(8451111),(8451120),(8451130),(8451140),(8451150),(8451160),(8451170),(8451180),(8451190),(8451200),(8451210),(8451220),(8451230),(8451240),(8451250),(8451260),(8451270),(8451280),(8451290),(8451300),(8451310),(8451315),(8451320),(8451330),(8451340),(8451350),(8451360),(8451370),(8451380),(8451390),(8451400),(8451410),(8451411),(8451420),(8451430),(8451450),(8451500),(8451520),(8451525),(8451530),(8451532),(8451540),(8451550),(8451560),(8451580),(8451970),(8452000),(8452010),(8452020),(8452030),(8452040),(8452050),(8452051),(8452060),(8452070),(8452080),(8452090),(8452100),(8452105),(8452110),(8452120),(8452130),(8452140),(8452150),(8452160),(8452170),(8452180),(8452190),(8452200),(8452210),(8452220),(8452230),(8452240),(8452245),(8452250),(8452252),(8452254),(8452256),(8452258),(8452260),(8452262),(8452265),(8452270),(8452280),(8452290),(8452300),(8452305),(8452310),(8452320),(8452330),(8452332),(8452333),(8452334),(8452336),(8452337),(8452338),(8452339),(8452340),(8452345),(8452350),(8452352),(8452360),(8452370),(8452375),(8452380),(8452385),(8452390),(8452400),(8452410),(8452420),(8452421),(8452423),(8452425),(8452428),(8452430),(8452431),(8452432),(8452435),(8452440),(8452442),(8452445),(8452447),(8452450),(8452452),(8452455),(8452458),(8452460),(8452462),(8452464),(8452468),(8452470),(8452480),(8452490),(8452492),(8452494),(8452496),(8452498),(8452500),(8452502),(8452505),(8452510),(8452520),(8452530),(8452540),(8452550),(8452560),(8452570),(8452580),(8452590),(8452600),(8452610),(8452620),(8452625),(8452630),(8452635),(8452640),(8452641),(8452643),(8452650),(8452651),(8452710),(8452715),(8452720),(8452723),(8452725),(8452727),(8452729),(8460000),(8460010),(8460020),(8460030),(8460040),(8460050),(8460060),(8460070),(8460080),(8460090),(8460100),(8460110),(8460120),(8460130),(8460140),(8460150),(8460151),(8460155),(8460157),(8460160),(8460161),(8460170),(8460180),(8460190),(8460200),(8460210),(8460220),(8460230),(8460240),(8460245),(8460250),(8460260),(8460270),(8460280),(8460290),(8460291),(8460300),(8460310),(8460320),(8460330),(8460340),(8460345),(8460346),(8460347),(8460348),(8460350),(8460360),(8460362),(8460365),(8460367),(8460370),(8460375),(8460380),(8460390),(8460395),(8460400),(8460410),(8460420),(8460430),(8460440),(8460450),(8460460),(8460465),(8460470),(8460472),(8460474),(8460480),(8460481),(8460490),(8460500),(8460510),(8460520),(8460522),(8460524),(8460526),(8460528),(8460530),(8460532),(8460534),(8460536),(8460538),(8460540),(8460550),(8460555),(8460590),(8460600),(8460602),(8460605),(8460610),(8460615),(8460620),(8460625),(8460630),(8460635),(8460640),(8460650),(8460660),(8461005),(8461070),(8461105),(8461110),(8461115),(8461125),(8461130),(8461135),(8461140),(8461150),(8461170),(8461180),(8461190),(8461200),(8461210),(8461220),(8461270),(8461290),(8461295),(8461310),(8461325),(8461330),(8461340),(8461360),(8461370),(8461380),(8461390),(8461400),(8461410),(8461420),(8461430),(8461440),(8461450),(8461460),(8461470),(8461490),(8461500),(8461510),(8461520),(8461530),(8461540),(8461550),(8461560),(8461570),(8461580),(8461590),(8461600),(8461610),(8461620),(8461630),(8461640),(8461650),(8461660),(8461680),(8461900),(8465000),(8465009),(8465010),(8465020),(8465030),(8465040),(8465050),(8465060),(8465070),(8465080),(8465090),(8465100),(8465110),(8465120),(8465130),(8465140),(8465150),(8465170),(8465180),(8465190),(8465220),(8465250),(8465260),(8465270),(8465280),(8465310),(8465312),(8466001),(8466002),(8466003),(8466010),(8466020),(8466030),(8466040),(8466050),(8466060),(8466070),(8466075),(8466080),(8466085),(8466090),(8466100),(8470000),(8470060),(8470065),(8470091),(8470092),(8470093),(8470210),(8470220),(8470221),(8470222),(8470225),(8470230),(8470235),(8470240),(8470245),(8470246),(8470250),(8470260),(8470270),(8470280),(8470290),(8470300),(8470310),(8470320),(8470321),(8470330),(8470340),(8470350),(8470355),(8470360),(8470370),(8470380),(8470385),(8470390),(8470400),(8470410),(8470420),(8470430),(8470440),(8470450),(8470460),(8470470),(8470480),(8470490),(8470510),(8470520),(8470530),(8470540),(8470550),(8470560),(8470570),(8470580),(8470590),(8470600),(8470610),(8470620),(8470625),(8470630),(8470640),(8470650),(8470660),(8470670),(8470680),(8470690),(8470700),(8470710),(8470720),(8470730),(8470740),(8470750),(8470755),(8470760),(8470765),(8470770),(8470780),(8470790),(8470795),(8470800),(8470801),(8470802),(8470803),(8470804),(8470810),(8470815),(8470820),(8471000),(8471002),(8471004),(8471010),(8471020),(8471030),(8471040),(8471050),(8471060),(8471070),(8471080),(8471090),(8471100),(8471110),(8471120),(8471130),(8471140),(8471150),(8471160),(8471170),(8471180),(8471190),(8471200),(8471210),(8471220),(8471230),(8471240),(8471250),(8471260),(8471270),(8471280),(8471290),(8471300),(8471310),(8471320),(8471330),(8471340),(8471350),(8471360),(8471380),(8471390),(8471400),(8471410),(8471420),(8471430),(8471440),(8471450),(8471460),(8471470),(8471480),(8471490),(8471500),(8471501),(8471502),(8471510),(8471520),(8471530),(8471531),(8471533),(8471534),(8471535),(8471536),(8471537),(8471538),(8471539),(8471540),(8471541),(8471550),(8471560),(8471570),(8471580),(8471590),(8471600),(8471610),(8471620),(8471630),(8471640),(8471650),(8471660),(8471670),(8471680),(8471690),(8471700),(8471710),(8471730),(8471740),(8471750),(8471760),(8471780),(8471790),(8471970),(8472060),(8472070),(8472080),(8472090),(8472100),(8472110),(8472115),(8472120),(8472130),(8472150),(8472160),(8472170),(8472180),(8472190),(8472195),(8472200),(8472210),(8472215),(8472223),(8472225),(8472285),(8472290),(8472295),(8472300),(8472301),(8472310),(8472315),(8472320),(8472330),(8472340),(8472350),(8472360),(8472370),(8472373),(8472390),(8472400),(8472410),(8472420),(8472430),(8472440),(8472450),(8472460),(8472470),(8472480),(8472490),(8472510),(8472520),(8472530),(8472550),(8472555),(8472560),(8472562),(8472565),(8472570),(8472600),(8472610),(8472700),(8472705),(8472710),(8472715),(8472720),(8472721),(8472722),(8472723),(8472724),(8472725),(8472726),(8472727),(8472730),(8472740),(8472750),(8472760),(8472770),(8472780),(8472790),(8473000),(8473001),(8473002),(8473004),(8473005),(8473010),(8473020),(8473030),(8473040),(8473045),(8473050),(8473060),(8473070),(8473080),(8473090),(8473100),(8473130),(8473140),(8473160),(8473170),(8473171),(8473172),(8473173),(8473174),(8473175),(8473180),(8473190),(8473195),(8473200),(8473205),(8473210),(8473220),(8473230),(8473240),(8473250),(8473260),(8473270),(8473280),(8473285),(8473290),(8473300),(8473310),(8473320),(8473330),(8473340),(8473360),(8473370),(8473380),(8473390),(8473400),(8473410),(8473420),(8473425),(8473430),(8473435),(8473437),(8473440),(8473450),(8473460),(8473463),(8473465),(8473470),(8473475),(8473480),(8473483),(8473484),(8473485),(8473490),(8473495),(8473500),(8473501),(8473502),(8473505),(8473510),(8473512),(8473515),(8473516),(8473520),(8473521),(8473522),(8473523),(8473524),(8473525),(8473526),(8473527),(8473528),(8473529),(8473530),(8473532),(8473533),(8473535),(8473540),(8473541),(8473543),(8473544),(8473545),(8473551),(8473552),(8473553),(8473554),(8473555),(8473556),(8473557),(8473558),(8473559),(8473561),(8473562),(8473563),(8473564),(8473566),(8473567),(8473570),(8473571),(8473572),(8473573),(8473574),(8473575),(8473576),(8473577),(8473578),(8473580),(8473581),(8473582),(8473584),(8473585),(8473590),(8473591),(8473592),(8473593),(8473595),(8473600),(8473603),(8473605),(8473610),(8473615),(8473620),(8473623),(8473624),(8473625),(8473626),(8473627),(8473628),(8473629),(8473630),(8473675),(8473680),(8473685),(8473690),(8473695),(8473715),(8473720),(8473730),(8473731),(8473735),(8473740),(8473745),(8473750),(8473755),(8473760),(8473765),(8473770),(8473775),(8473780),(8473785),(8473790),(8473801),(8473802),(8473803),(8473804),(8473805),(8473806),(8473807),(8473808),(8473850),(8473851),(8473852),(8473853),(8473860),(8473861),(8473862),(8473863),(8473864),(8473865),(8473866),(8473867),(8473868),(8473869),(8473870),(8473871),(8473872),(8474000),(8474101),(8474110),(8474120),(8474121),(8474130),(8474131),(8474135),(8474140),(8474141),(8474150),(8474160),(8474161),(8474170),(8474180),(8474190),(8474191),(8474200),(8474205),(8474210),(8474215),(8474220),(8474221),(8474222),(8474223),(8474224),(8474230),(8474231),(8474232),(8474233),(8474234),(8474235),(8474240),(8474245),(8474250),(8474255),(8474300),(8474310),(8474320),(8474330),(8474335),(8474340),(8474350),(8474360),(8474370),(8474380),(8474390),(8474400),(8474405),(8474410),(8474420),(8474423),(8474425),(8474427),(8474430),(8474440),(8474445),(8474450),(8474460),(8474470),(8474480),(8474490),(8474500),(8474510),(8474520),(8474530),(8474545),(8474550),(8475000),(8475020),(8475030),(8475040),(8475050),(8475060),(8475070),(8475080),(8475090),(8475100),(8475110),(8475120),(8475130),(8475150),(8475160),(8475170),(8475175),(8475180),(8475190),(8475200),(8475210),(8475220),(8475230),(8475240),(8475250),(8475260),(8475270),(8475280),(8475290),(8475300),(8475310),(8475320),(8475330),(8475340),(8475350),(8475360),(8475370),(8475380),(8475390),(8475410),(8475420),(8475450),(8475460),(8475470),(8475480),(8475490),(8475500),(8475510),(8475520),(8475530),(8475540),(8475550),(8475560),(8475570),(8475580),(8476010),(8485010),(8485020),(8485030),(8485040),(8485050),(8485060),(8485070),(8485080),(8485100),(8485110),(8485120),(8485130),(8485140),(8485150),(8485160),(8485170),(8485180),(8485190),(8485200),(8485210),(8485220),(8485230),(8485240),(8485250),(8485260),(8485270),(8485280),(8485290),(8485300),(8485310),(8485320),(8485330),(8485340),(8485350),(8485360),(8485370),(8485380),(8485390),(8485400),(8485410),(8485420),(8485430),(8485432),(8485434),(8485436),(8485440),(8485441),(8485442),(8485443),(8485444),(8485445),(8485446),(8485447),(8485448),(8485449),(8485450),(8485455),(8485460),(8485465),(8485470),(8485475),(8485480),(8485490),(8485495),(8485500),(8485501),(8485502),(8485503),(8485504),(8485505),(8485510),(8485520),(8485522),(8485525),(8485530),(8485540),(8485550),(8485560),(8485570),(8485575),(8485577),(8485580),(8485585),(8485590),(8485600),(8485610),(8485620),(8485630),(8490000),(8490001),(8490003),(8490004),(8490005),(8490006),(8490007),(8490008),(8490009),(8490010),(8490011),(8490012),(8490013),(8490014),(8490015),(8490016),(8490017),(8490018),(8490019),(8490020),(8490030),(8490040),(8490050),(8490060),(8490070),(8490080),(8490090),(8490100),(8490110),(8490120),(8490130),(8490140),(8490150),(8490160),(8490170),(8490180),(8490190),(8490200),(8490210),(8490220),(8490230),(8490240),(8490250),(8490260),(8490270),(8490280),(8490281),(8490290),(8490300),(8490310),(8490320),(8490330),(8490340),(8490350),(8490360),(8490370),(8490380),(8490390),(8490400),(8490410),(8490420),(8490430),(8490440),(8490450),(8490460),(8490470),(8490480),(8490490),(8490500),(8490510),(8490515),(8490530),(8490540),(8490550),(8490551),(8490552),(8490553),(8490554),(8490555),(8490556),(8490560),(8490570),(8490580),(8490582),(8490585),(8490590),(8490595),(8490600),(8490620),(8490623),(8490625),(8490627),(8490630),(8490635),(8490640),(8490643),(8490645),(8490647),(8490660),(8490665),(8490670),(8490673),(8490675),(8490677),(8490680),(8490683),(8490685),(8490687),(8490690),(8490695),(8490700),(8490705),(8490710),(8490720),(8490730),(8490740),(8490750),(8490760),(8490765),(8490770),(8490780),(8490800),(8490805),(8490810),(8490820),(8490830),(8490850),(8490860),(8490870),(8490880),(8490885),(8490886),(8490890),(8490895),(8491030);
/*!40000 ALTER TABLE `logradouro_sp` ENABLE KEYS */;
UNLOCK TABLES;

--
-- Table structure for table `municipio`
--

DROP TABLE IF EXISTS `municipio`;
/*!40101 SET @saved_cs_client     = @@character_set_client */;
/*!50503 SET character_set_client = utf8mb4 */;
CREATE TABLE `municipio` (
  `COD_MUNICIPIO` int NOT NULL AUTO_INCREMENT,
  `NME_MUNICIPIO` varchar(100) NOT NULL,
  `COD_ESTADO` int NOT NULL,
  PRIMARY KEY (`COD_MUNICIPIO`),
  KEY `FK_MUNICIPIO_ESTADO_IDX` (`COD_ESTADO`),
  CONSTRAINT `FK_MUNICIPIO_ESTADO` FOREIGN KEY (`COD_ESTADO`) REFERENCES `estado` (`COD_ESTADO`)
) ENGINE=InnoDB AUTO_INCREMENT=3557304 DEFAULT CHARSET=latin1;
/*!40101 SET character_set_client = @saved_cs_client */;

--
-- Dumping data for table `municipio`
--

LOCK TABLES `municipio` WRITE;
/*!40000 ALTER TABLE `municipio` DISABLE KEYS */;
INSERT INTO `municipio` VALUES (3500105,'Adamantina',35),(3500204,'Adolfo',35),(3500303,'Aguaí',35),(3500402,'Águas da Prata',35),(3500501,'Águas de Lindóia',35),(3500550,'Águas de Santa Bárbara',35),(3500600,'Águas de São Pedro',35),(3500709,'Agudos',35),(3500758,'Alambari',35),(3500808,'Alfredo Marcondes',35),(3500907,'Altair',35),(3501004,'Altinópolis',35),(3501103,'Alto Alegre',35),(3501152,'Alumínio',35),(3501202,'Álvares Florence',35),(3501301,'Álvares Machado',35),(3501400,'Álvaro de Carvalho',35),(3501509,'Alvinlândia',35),(3501608,'Americana',35),(3501707,'Américo Brasiliense',35),(3501806,'Américo de Campos',35),(3501905,'Amparo',35),(3502002,'Analândia',35),(3502101,'Andradina',35),(3502200,'Angatuba',35),(3502309,'Anhembi',35),(3502408,'Anhumas',35),(3502507,'Aparecida',35),(3502606,'Aparecida d\'Oeste',35),(3502705,'Apiaí',35),(3502754,'Araçariguama',35),(3502804,'Araçatuba',35),(3502903,'Araçoiaba da Serra',35),(3503000,'Aramina',35),(3503109,'Arandu',35),(3503158,'Arapeí',35),(3503208,'Araraquara',35),(3503307,'Araras',35),(3503356,'Arco-Íris',35),(3503406,'Arealva',35),(3503505,'Areias',35),(3503604,'Areiópolis',35),(3503802,'Artur Nogueira',35),(3503901,'Arujá',35),(3503950,'Aspásia',35),(3504008,'Assis',35),(3504107,'Atibaia',35),(3504206,'Auriflama',35),(3504305,'Avaí',35),(3504404,'Avanhandava',35),(3504503,'Avaré',35),(3504602,'Bady Bassitt',35),(3504701,'Balbinos',35),(3504800,'Bálsamo',35),(3504909,'Bananal',35),(3505005,'Barão de Antonina',35),(3505104,'Barbosa',35),(3505203,'Bariri',35),(3505302,'Barra Bonita',35),(3505351,'Barra do Chapéu',35),(3505401,'Barra do Turvo',35),(3505500,'Barretos',35),(3505609,'Barrinha',35),(3505708,'Barueri',35),(3505807,'Bastos',35),(3505906,'Batatais',35),(3506003,'Bauru',35),(3506102,'Bebedouro',35),(3506201,'Bento de Abreu',35),(3506300,'Bernardino de Campos',35),(3506359,'Bertioga',35),(3506409,'Bilac',35),(3506508,'Birigui',35),(3506607,'Biritiba Mirim',35),(3506706,'Boa Esperança do Sul',35),(3506805,'Bocaina',35),(3506904,'Bofete',35),(3507001,'Boituva',35),(3507100,'Bom Jesus dos Perdões',35),(3507159,'Bom Sucesso de Itararé',35),(3507209,'Borá',35),(3507308,'Boracéia',35),(3507407,'Borborema',35),(3507456,'Borebi',35),(3507506,'Botucatu',35),(3507605,'Bragança Paulista',35),(3507704,'Braúna',35),(3507753,'Brejo Alegre',35),(3507803,'Brodowski',35),(3507902,'Brotas',35),(3508009,'Buri',35),(3508108,'Buritama',35),(3508207,'Buritizal',35),(3508306,'Cabrália Paulista',35),(3508405,'Cabreúva',35),(3508504,'Caçapava',35),(3508603,'Cachoeira Paulista',35),(3508702,'Caconde',35),(3508801,'Cafelândia',35),(3508900,'Caiabu',35),(3509007,'Caieiras',35),(3509106,'Caiuá',35),(3509205,'Cajamar',35),(3509254,'Cajati',35),(3509304,'Cajobi',35),(3509403,'Cajuru',35),(3509452,'Campina do Monte Alegre',35),(3509502,'Campinas',35),(3509601,'Campo Limpo Paulista',35),(3509700,'Campos do Jordão',35),(3509809,'Campos Novos Paulista',35),(3509908,'Cananéia',35),(3509957,'Canas',35),(3510005,'Cândido Mota',35),(3510104,'Cândido Rodrigues',35),(3510153,'Canitar',35),(3510203,'Capão Bonito',35),(3510302,'Capela do Alto',35),(3510401,'Capivari',35),(3510500,'Caraguatatuba',35),(3510609,'Carapicuíba',35),(3510708,'Cardoso',35),(3510807,'Casa Branca',35),(3510906,'Cássia dos Coqueiros',35),(3511003,'Castilho',35),(3511102,'Catanduva',35),(3511201,'Catiguá',35),(3511300,'Cedral',35),(3511409,'Cerqueira César',35),(3511508,'Cerquilho',35),(3511607,'Cesário Lange',35),(3511706,'Charqueada',35),(3511904,'Clementina',35),(3512001,'Colina',35),(3512100,'Colômbia',35),(3512209,'Conchal',35),(3512308,'Conchas',35),(3512407,'Cordeirópolis',35),(3512506,'Coroados',35),(3512605,'Coronel Macedo',35),(3512704,'Corumbataí',35),(3512803,'Cosmópolis',35),(3512902,'Cosmorama',35),(3513009,'Cotia',35),(3513108,'Cravinhos',35),(3513207,'Cristais Paulista',35),(3513306,'Cruzália',35),(3513405,'Cruzeiro',35),(3513504,'Cubatão',35),(3513603,'Cunha',35),(3513702,'Descalvado',35),(3513801,'Diadema',35),(3513850,'Dirce Reis',35),(3513900,'Divinolândia',35),(3514007,'Dobrada',35),(3514106,'Dois Córregos',35),(3514205,'Dolcinópolis',35),(3514304,'Dourado',35),(3514403,'Dracena',35),(3514502,'Duartina',35),(3514601,'Dumont',35),(3514700,'Echaporã',35),(3514809,'Eldorado',35),(3514908,'Elias Fausto',35),(3514924,'Elisiário',35),(3514957,'Embaúba',35),(3515004,'Embu das Artes',35),(3515103,'Embu-Guaçu',35),(3515129,'Emilianópolis',35),(3515152,'Engenheiro Coelho',35),(3515186,'Espírito Santo do Pinhal',35),(3515194,'Espírito Santo do Turvo',35),(3515202,'Estrela d\'Oeste',35),(3515301,'Estrela do Norte',35),(3515350,'Euclides da Cunha Paulista',35),(3515400,'Fartura',35),(3515509,'Fernandópolis',35),(3515608,'Fernando Prestes',35),(3515657,'Fernão',35),(3515707,'Ferraz de Vasconcelos',35),(3515806,'Flora Rica',35),(3515905,'Floreal',35),(3516002,'Flórida Paulista',35),(3516101,'Florínea',35),(3516200,'Franca',35),(3516309,'Francisco Morato',35),(3516408,'Franco da Rocha',35),(3516507,'Gabriel Monteiro',35),(3516606,'Gália',35),(3516705,'Garça',35),(3516804,'Gastão Vidigal',35),(3516853,'Gavião Peixoto',35),(3516903,'General Salgado',35),(3517000,'Getulina',35),(3517109,'Glicério',35),(3517208,'Guaiçara',35),(3517307,'Guaimbê',35),(3517406,'Guaíra',35),(3517505,'Guapiaçu',35),(3517604,'Guapiara',35),(3517703,'Guará',35),(3517802,'Guaraçaí',35),(3517901,'Guaraci',35),(3518008,'Guarani d\'Oeste',35),(3518107,'Guarantã',35),(3518206,'Guararapes',35),(3518305,'Guararema',35),(3518404,'Guaratinguetá',35),(3518503,'Guareí',35),(3518602,'Guariba',35),(3518701,'Guarujá',35),(3518800,'Guarulhos',35),(3518859,'Guatapará',35),(3518909,'Guzolândia',35),(3519006,'Herculândia',35),(3519055,'Holambra',35),(3519071,'Hortolândia',35),(3519105,'Iacanga',35),(3519204,'Iacri',35),(3519253,'Iaras',35),(3519303,'Ibaté',35),(3519402,'Ibirá',35),(3519501,'Ibirarema',35),(3519600,'Ibitinga',35),(3519709,'Ibiúna',35),(3519808,'Icém',35),(3519907,'Iepê',35),(3520004,'Igaraçu do Tietê',35),(3520103,'Igarapava',35),(3520202,'Igaratá',35),(3520301,'Iguape',35),(3520400,'Ilhabela',35),(3520426,'Ilha Comprida',35),(3520442,'Ilha Solteira',35),(3520509,'Indaiatuba',35),(3520608,'Indiana',35),(3520707,'Indiaporã',35),(3520806,'Inúbia Paulista',35),(3520905,'Ipaussu',35),(3521002,'Iperó',35),(3521101,'Ipeúna',35),(3521150,'Ipiguá',35),(3521200,'Iporanga',35),(3521309,'Ipuã',35),(3521408,'Iracemápolis',35),(3521507,'Irapuã',35),(3521606,'Irapuru',35),(3521705,'Itaberá',35),(3521804,'Itaí',35),(3521903,'Itajobi',35),(3522000,'Itaju',35),(3522109,'Itanhaém',35),(3522158,'Itaoca',35),(3522208,'Itapecerica da Serra',35),(3522307,'Itapetininga',35),(3522406,'Itapeva',35),(3522505,'Itapevi',35),(3522604,'Itapira',35),(3522653,'Itapirapuã Paulista',35),(3522703,'Itápolis',35),(3522802,'Itaporanga',35),(3522901,'Itapuí',35),(3523008,'Itapura',35),(3523107,'Itaquaquecetuba',35),(3523206,'Itararé',35),(3523305,'Itariri',35),(3523404,'Itatiba',35),(3523503,'Itatinga',35),(3523602,'Itirapina',35),(3523701,'Itirapuã',35),(3523800,'Itobi',35),(3523909,'Itu',35),(3524006,'Itupeva',35),(3524105,'Ituverava',35),(3524204,'Jaborandi',35),(3524303,'Jaboticabal',35),(3524402,'Jacareí',35),(3524501,'Jaci',35),(3524600,'Jacupiranga',35),(3524709,'Jaguariúna',35),(3524808,'Jales',35),(3524907,'Jambeiro',35),(3525003,'Jandira',35),(3525102,'Jardinópolis',35),(3525201,'Jarinu',35),(3525300,'Jaú',35),(3525409,'Jeriquara',35),(3525508,'Joanópolis',35),(3525607,'João Ramalho',35),(3525706,'José Bonifácio',35),(3525805,'Júlio Mesquita',35),(3525854,'Jumirim',35),(3525904,'Jundiaí',35),(3526001,'Junqueirópolis',35),(3526100,'Juquiá',35),(3526209,'Juquitiba',35),(3526308,'Lagoinha',35),(3526407,'Laranjal Paulista',35),(3526506,'Lavínia',35),(3526605,'Lavrinhas',35),(3526704,'Leme',35),(3526803,'Lençóis Paulista',35),(3526902,'Limeira',35),(3527009,'Lindóia',35),(3527108,'Lins',35),(3527207,'Lorena',35),(3527256,'Lourdes',35),(3527306,'Louveira',35),(3527405,'Lucélia',35),(3527504,'Lucianópolis',35),(3527603,'Luís Antônio',35),(3527702,'Luiziânia',35),(3527801,'Lupércio',35),(3527900,'Lutécia',35),(3528007,'Macatuba',35),(3528106,'Macaubal',35),(3528205,'Macedônia',35),(3528304,'Magda',35),(3528403,'Mairinque',35),(3528502,'Mairiporã',35),(3528601,'Manduri',35),(3528700,'Marabá Paulista',35),(3528809,'Maracaí',35),(3528858,'Marapoama',35),(3528908,'Mariápolis',35),(3529005,'Marília',35),(3529104,'Marinópolis',35),(3529203,'Martinópolis',35),(3529302,'Matão',35),(3529401,'Mauá',35),(3529500,'Mendonça',35),(3529609,'Meridiano',35),(3529658,'Mesópolis',35),(3529708,'Miguelópolis',35),(3529807,'Mineiros do Tietê',35),(3529906,'Miracatu',35),(3530003,'Mira Estrela',35),(3530102,'Mirandópolis',35),(3530201,'Mirante do Paranapanema',35),(3530300,'Mirassol',35),(3530409,'Mirassolândia',35),(3530508,'Mococa',35),(3530607,'Mogi das Cruzes',35),(3530706,'Mogi Guaçu',35),(3530805,'Mogi Mirim',35),(3530904,'Mombuca',35),(3531001,'Monções',35),(3531100,'Mongaguá',35),(3531209,'Monte Alegre do Sul',35),(3531308,'Monte Alto',35),(3531407,'Monte Aprazível',35),(3531506,'Monte Azul Paulista',35),(3531605,'Monte Castelo',35),(3531704,'Monteiro Lobato',35),(3531803,'Monte Mor',35),(3531902,'Morro Agudo',35),(3532009,'Morungaba',35),(3532058,'Motuca',35),(3532108,'Murutinga do Sul',35),(3532157,'Nantes',35),(3532207,'Narandiba',35),(3532306,'Natividade da Serra',35),(3532405,'Nazaré Paulista',35),(3532504,'Neves Paulista',35),(3532603,'Nhandeara',35),(3532702,'Nipoã',35),(3532801,'Nova Aliança',35),(3532827,'Nova Campina',35),(3532843,'Nova Canaã Paulista',35),(3532868,'Nova Castilho',35),(3532900,'Nova Europa',35),(3533007,'Nova Granada',35),(3533106,'Nova Guataporanga',35),(3533205,'Nova Independência',35),(3533254,'Novais',35),(3533304,'Nova Luzitânia',35),(3533403,'Nova Odessa',35),(3533502,'Novo Horizonte',35),(3533601,'Nuporanga',35),(3533700,'Ocauçu',35),(3533809,'Óleo',35),(3533908,'Olímpia',35),(3534005,'Onda Verde',35),(3534104,'Oriente',35),(3534203,'Orindiúva',35),(3534302,'Orlândia',35),(3534401,'Osasco',35),(3534500,'Oscar Bressane',35),(3534609,'Osvaldo Cruz',35),(3534708,'Ourinhos',35),(3534757,'Ouroeste',35),(3534807,'Ouro Verde',35),(3534906,'Pacaembu',35),(3535002,'Palestina',35),(3535101,'Palmares Paulista',35),(3535200,'Palmeira d\'Oeste',35),(3535309,'Palmital',35),(3535408,'Panorama',35),(3535507,'Paraguaçu Paulista',35),(3535606,'Paraibuna',35),(3535705,'Paraíso',35),(3535804,'Paranapanema',35),(3535903,'Paranapuã',35),(3536000,'Parapuã',35),(3536109,'Pardinho',35),(3536208,'Pariquera-Açu',35),(3536257,'Parisi',35),(3536307,'Patrocínio Paulista',35),(3536406,'Paulicéia',35),(3536505,'Paulínia',35),(3536570,'Paulistânia',35),(3536604,'Paulo de Faria',35),(3536703,'Pederneiras',35),(3536802,'Pedra Bela',35),(3536901,'Pedranópolis',35),(3537008,'Pedregulho',35),(3537107,'Pedreira',35),(3537156,'Pedrinhas Paulista',35),(3537206,'Pedro de Toledo',35),(3537305,'Penápolis',35),(3537404,'Pereira Barreto',35),(3537503,'Pereiras',35),(3537602,'Peruíbe',35),(3537701,'Piacatu',35),(3537800,'Piedade',35),(3537909,'Pilar do Sul',35),(3538006,'Pindamonhangaba',35),(3538105,'Pindorama',35),(3538204,'Pinhalzinho',35),(3538303,'Piquerobi',35),(3538501,'Piquete',35),(3538600,'Piracaia',35),(3538709,'Piracicaba',35),(3538808,'Piraju',35),(3538907,'Pirajuí',35),(3539004,'Pirangi',35),(3539103,'Pirapora do Bom Jesus',35),(3539202,'Pirapozinho',35),(3539301,'Pirassununga',35),(3539400,'Piratininga',35),(3539509,'Pitangueiras',35),(3539608,'Planalto',35),(3539707,'Platina',35),(3539806,'Poá',35),(3539905,'Poloni',35),(3540002,'Pompéia',35),(3540101,'Pongaí',35),(3540200,'Pontal',35),(3540259,'Pontalinda',35),(3540309,'Pontes Gestal',35),(3540408,'Populina',35),(3540507,'Porangaba',35),(3540606,'Porto Feliz',35),(3540705,'Porto Ferreira',35),(3540754,'Potim',35),(3540804,'Potirendaba',35),(3540853,'Pracinha',35),(3540903,'Pradópolis',35),(3541000,'Praia Grande',35),(3541059,'Pratânia',35),(3541109,'Presidente Alves',35),(3541208,'Presidente Bernardes',35),(3541307,'Presidente Epitácio',35),(3541406,'Presidente Prudente',35),(3541505,'Presidente Venceslau',35),(3541604,'Promissão',35),(3541653,'Quadra',35),(3541703,'Quatá',35),(3541802,'Queiroz',35),(3541901,'Queluz',35),(3542008,'Quintana',35),(3542107,'Rafard',35),(3542206,'Rancharia',35),(3542305,'Redenção da Serra',35),(3542404,'Regente Feijó',35),(3542503,'Reginópolis',35),(3542602,'Registro',35),(3542701,'Restinga',35),(3542800,'Ribeira',35),(3542909,'Ribeirão Bonito',35),(3543006,'Ribeirão Branco',35),(3543105,'Ribeirão Corrente',35),(3543204,'Ribeirão do Sul',35),(3543238,'Ribeirão dos Índios',35),(3543253,'Ribeirão Grande',35),(3543303,'Ribeirão Pires',35),(3543402,'Ribeirão Preto',35),(3543501,'Riversul',35),(3543600,'Rifaina',35),(3543709,'Rincão',35),(3543808,'Rinópolis',35),(3543907,'Rio Claro',35),(3544004,'Rio das Pedras',35),(3544103,'Rio Grande da Serra',35),(3544202,'Riolândia',35),(3544251,'Rosana',35),(3544301,'Roseira',35),(3544400,'Rubiácea',35),(3544509,'Rubinéia',35),(3544608,'Sabino',35),(3544707,'Sagres',35),(3544806,'Sales',35),(3544905,'Sales Oliveira',35),(3545001,'Salesópolis',35),(3545100,'Salmourão',35),(3545159,'Saltinho',35),(3545209,'Salto',35),(3545308,'Salto de Pirapora',35),(3545407,'Salto Grande',35),(3545506,'Sandovalina',35),(3545605,'Santa Adélia',35),(3545704,'Santa Albertina',35),(3545803,'Santa Bárbara d\'Oeste',35),(3546009,'Santa Branca',35),(3546108,'Santa Clara d\'Oeste',35),(3546207,'Santa Cruz da Conceição',35),(3546256,'Santa Cruz da Esperança',35),(3546306,'Santa Cruz das Palmeiras',35),(3546405,'Santa Cruz do Rio Pardo',35),(3546504,'Santa Ernestina',35),(3546603,'Santa Fé do Sul',35),(3546702,'Santa Gertrudes',35),(3546801,'Santa Isabel',35),(3546900,'Santa Lúcia',35),(3547007,'Santa Maria da Serra',35),(3547106,'Santa Mercedes',35),(3547205,'Santana da Ponte Pensa',35),(3547304,'Santana de Parnaíba',35),(3547403,'Santa Rita d\'Oeste',35),(3547502,'Santa Rita do Passa Quatro',35),(3547601,'Santa Rosa de Viterbo',35),(3547650,'Santa Salete',35),(3547700,'Santo Anastácio',35),(3547809,'Santo André',35),(3547908,'Santo Antônio da Alegria',35),(3548005,'Santo Antônio de Posse',35),(3548054,'Santo Antônio do Aracanguá',35),(3548104,'Santo Antônio do Jardim',35),(3548203,'Santo Antônio do Pinhal',35),(3548302,'Santo Expedito',35),(3548401,'Santópolis do Aguapeí',35),(3548500,'Santos',35),(3548609,'São Bento do Sapucaí',35),(3548708,'São Bernardo do Campo',35),(3548807,'São Caetano do Sul',35),(3548906,'São Carlos',35),(3549003,'São Francisco',35),(3549102,'São João da Boa Vista',35),(3549201,'São João das Duas Pontes',35),(3549250,'São João de Iracema',35),(3549300,'São João do Pau d\'Alho',35),(3549409,'São Joaquim da Barra',35),(3549508,'São José da Bela Vista',35),(3549607,'São José do Barreiro',35),(3549706,'São José do Rio Pardo',35),(3549805,'São José do Rio Preto',35),(3549904,'São José dos Campos',35),(3549953,'São Lourenço da Serra',35),(3550001,'São Luiz do Paraitinga',35),(3550100,'São Manuel',35),(3550209,'São Miguel Arcanjo',35),(3550308,'São Paulo',35),(3550407,'São Pedro',35),(3550506,'São Pedro do Turvo',35),(3550605,'São Roque',35),(3550704,'São Sebastião',35),(3550803,'São Sebastião da Grama',35),(3550902,'São Simão',35),(3551009,'São Vicente',35),(3551108,'Sarapuí',35),(3551207,'Sarutaiá',35),(3551306,'Sebastianópolis do Sul',35),(3551405,'Serra Azul',35),(3551504,'Serrana',35),(3551603,'Serra Negra',35),(3551702,'Sertãozinho',35),(3551801,'Sete Barras',35),(3551900,'Severínia',35),(3552007,'Silveiras',35),(3552106,'Socorro',35),(3552205,'Sorocaba',35),(3552304,'Sud Mennucci',35),(3552403,'Sumaré',35),(3552502,'Suzano',35),(3552551,'Suzanápolis',35),(3552601,'Tabapuã',35),(3552700,'Tabatinga',35),(3552809,'Taboão da Serra',35),(3552908,'Taciba',35),(3553005,'Taguaí',35),(3553104,'Taiaçu',35),(3553203,'Taiúva',35),(3553302,'Tambaú',35),(3553401,'Tanabi',35),(3553500,'Tapiraí',35),(3553609,'Tapiratiba',35),(3553658,'Taquaral',35),(3553708,'Taquaritinga',35),(3553807,'Taquarituba',35),(3553856,'Taquarivaí',35),(3553906,'Tarabai',35),(3553955,'Tarumã',35),(3554003,'Tatuí',35),(3554102,'Taubaté',35),(3554201,'Tejupá',35),(3554300,'Teodoro Sampaio',35),(3554409,'Terra Roxa',35),(3554508,'Tietê',35),(3554607,'Timburi',35),(3554656,'Torre de Pedra',35),(3554706,'Torrinha',35),(3554755,'Trabiju',35),(3554805,'Tremembé',35),(3554904,'Três Fronteiras',35),(3554953,'Tuiuti',35),(3555000,'Tupã',35),(3555109,'Tupi Paulista',35),(3555208,'Turiúba',35),(3555307,'Turmalina',35),(3555356,'Ubarana',35),(3555406,'Ubatuba',35),(3555505,'Ubirajara',35),(3555604,'Uchoa',35),(3555703,'União Paulista',35),(3555802,'Urânia',35),(3555901,'Uru',35),(3556008,'Urupês',35),(3556107,'Valentim Gentil',35),(3556206,'Valinhos',35),(3556305,'Valparaíso',35),(3556354,'Vargem',35),(3556404,'Vargem Grande do Sul',35),(3556453,'Vargem Grande Paulista',35),(3556503,'Várzea Paulista',35),(3556602,'Vera Cruz',35),(3556701,'Vinhedo',35),(3556800,'Viradouro',35),(3556909,'Vista Alegre do Alto',35),(3556958,'Vitória Brasil',35),(3557006,'Votorantim',35),(3557105,'Votuporanga',35),(3557154,'Zacarias',35),(3557204,'Chavantes',35),(3557303,'Estiva Gerbi',35);
/*!40000 ALTER TABLE `municipio` ENABLE KEYS */;
UNLOCK TABLES;

--
-- Table structure for table `numeros`
--

DROP TABLE IF EXISTS `numeros`;
/*!40101 SET @saved_cs_client     = @@character_set_client */;
/*!50503 SET character_set_client = utf8mb4 */;
CREATE TABLE `numeros` (
  `NUMERO` int DEFAULT NULL
) ENGINE=InnoDB DEFAULT CHARSET=utf8mb4 COLLATE=utf8mb4_0900_ai_ci;
/*!40101 SET character_set_client = @saved_cs_client */;

--
-- Dumping data for table `numeros`
--

LOCK TABLES `numeros` WRITE;
/*!40000 ALTER TABLE `numeros` DISABLE KEYS */;
INSERT INTO `numeros` VALUES (1),(2),(3),(4),(5);
/*!40000 ALTER TABLE `numeros` ENABLE KEYS */;
UNLOCK TABLES;

--
-- Table structure for table `operacao`
--

DROP TABLE IF EXISTS `operacao`;
/*!40101 SET @saved_cs_client     = @@character_set_client */;
/*!50503 SET character_set_client = utf8mb4 */;
CREATE TABLE `operacao` (
  `COD_OPERACAO` int NOT NULL AUTO_INCREMENT,
  `DTA_OPERACAO` datetime DEFAULT NULL,
  `COD_NOTA_FISCAL` varchar(30) DEFAULT NULL,
  `VLR_TOTAL` decimal(10,2) DEFAULT NULL,
  `QTD_PARCELA` int DEFAULT NULL,
  `TPO_STATUS` enum('P','O') DEFAULT NULL COMMENT 'P - pedido (compra ou venda); O - orçamento\\n',
  `COD_PESSOA` int DEFAULT NULL,
  `FLG_PAGO` tinyint DEFAULT NULL,
  `TPO_OPERACAO` enum('C','V') DEFAULT NULL COMMENT 'C - Compra; V - Venda',
  `COD_TIPO_PAGAMENTO` int DEFAULT NULL,
  PRIMARY KEY (`COD_OPERACAO`),
  KEY `FK_OPERACAO_PESSOA_idx` (`COD_PESSOA`),
  KEY `FK_OPERACAO_TIPO_PAGAMENTO` (`COD_TIPO_PAGAMENTO`),
  CONSTRAINT `FK_OPERACAO_PESSOA` FOREIGN KEY (`COD_PESSOA`) REFERENCES `pessoa` (`COD_PESSOA`),
  CONSTRAINT `FK_OPERACAO_TIPO_PAGAMENTO` FOREIGN KEY (`COD_TIPO_PAGAMENTO`) REFERENCES `tipo_pagamento` (`COD_TIPO_PAGAMENTO`)
) ENGINE=InnoDB AUTO_INCREMENT=17 DEFAULT CHARSET=latin1;
/*!40101 SET character_set_client = @saved_cs_client */;

--
-- Dumping data for table `operacao`
--

LOCK TABLES `operacao` WRITE;
/*!40000 ALTER TABLE `operacao` DISABLE KEYS */;
INSERT INTO `operacao` VALUES (3,'2021-05-02 19:52:17','265546132450',10.00,2,'P',13,0,'V',1),(4,'2021-05-02 19:52:17','265546132456',10.00,2,'P',13,0,'V',2),(5,'2021-10-31 00:00:00','256545623155',95.00,5,'P',9,0,'C',2),(6,'2021-11-02 19:52:17','265546132421',25.00,1,'P',9,1,'C',3),(7,'2021-05-02 19:52:17','265546132450',10.00,2,'P',13,0,'V',1),(12,'2022-05-21 00:00:00','65465465123AS',50.00,1,'P',9,1,'C',4),(15,'2022-05-21 00:00:00','65465465123AS',50.00,1,'P',9,1,'C',4),(16,'2022-05-21 00:00:00','65465465123AS',50.00,1,'P',9,1,'V',4);
/*!40000 ALTER TABLE `operacao` ENABLE KEYS */;
UNLOCK TABLES;

--
-- Table structure for table `pagamento_operacao`
--

DROP TABLE IF EXISTS `pagamento_operacao`;
/*!40101 SET @saved_cs_client     = @@character_set_client */;
/*!50503 SET character_set_client = utf8mb4 */;
CREATE TABLE `pagamento_operacao` (
  `COD_PAGAMENTO` int NOT NULL AUTO_INCREMENT,
  `VLR_PAGAMENTO` decimal(10,2) DEFAULT NULL,
  `DTA_PAGAMENTO` date DEFAULT NULL,
  `DTA_VENCIMENTO` date DEFAULT NULL,
  `COD_OPERACAO` int NOT NULL,
  PRIMARY KEY (`COD_PAGAMENTO`),
  KEY `FK_PARCELA_COMPRA_IDX` (`COD_OPERACAO`),
  CONSTRAINT `FK_PARCELA_COMPRA` FOREIGN KEY (`COD_OPERACAO`) REFERENCES `operacao` (`COD_OPERACAO`)
) ENGINE=InnoDB AUTO_INCREMENT=11 DEFAULT CHARSET=latin1;
/*!40101 SET character_set_client = @saved_cs_client */;

--
-- Dumping data for table `pagamento_operacao`
--

LOCK TABLES `pagamento_operacao` WRITE;
/*!40000 ALTER TABLE `pagamento_operacao` DISABLE KEYS */;
INSERT INTO `pagamento_operacao` VALUES (1,542.00,'2021-10-28','2021-10-31',3),(2,23.00,'2021-11-05','2021-12-31',3),(3,23.00,'2021-11-05','2021-12-31',3),(4,23.00,'2021-11-05','2021-12-31',3),(5,23.00,'2021-11-05','2021-12-31',3),(6,23.00,'2021-11-05','2021-12-31',3),(7,100.00,'2021-11-05','2021-12-31',3),(8,100.00,'2021-11-05','2021-12-31',5),(9,100.00,'2021-11-05','2021-12-31',5);
/*!40000 ALTER TABLE `pagamento_operacao` ENABLE KEYS */;
UNLOCK TABLES;

--
-- Table structure for table `pessoa`
--

DROP TABLE IF EXISTS `pessoa`;
/*!40101 SET @saved_cs_client     = @@character_set_client */;
/*!50503 SET character_set_client = utf8mb4 */;
CREATE TABLE `pessoa` (
  `COD_PESSOA` int NOT NULL AUTO_INCREMENT,
  `NME_PESSOA` varchar(45) NOT NULL,
  PRIMARY KEY (`COD_PESSOA`)
) ENGINE=InnoDB AUTO_INCREMENT=21 DEFAULT CHARSET=utf8mb4 COLLATE=utf8mb4_0900_ai_ci;
/*!40101 SET character_set_client = @saved_cs_client */;

--
-- Dumping data for table `pessoa`
--

LOCK TABLES `pessoa` WRITE;
/*!40000 ALTER TABLE `pessoa` DISABLE KEYS */;
INSERT INTO `pessoa` VALUES (9,'Mauricio de Souza'),(13,'AMERICANAS'),(15,'Celso Portioli'),(20,'Jerome Powell');
/*!40000 ALTER TABLE `pessoa` ENABLE KEYS */;
UNLOCK TABLES;

--
-- Table structure for table `pessoa_fisica`
--

DROP TABLE IF EXISTS `pessoa_fisica`;
/*!40101 SET @saved_cs_client     = @@character_set_client */;
/*!50503 SET character_set_client = utf8mb4 */;
CREATE TABLE `pessoa_fisica` (
  `COD_PESSOA` int NOT NULL AUTO_INCREMENT,
  `SGL_UF_NATURALIDADE` char(2) DEFAULT NULL,
  `DTA_NASCIMENTO` date NOT NULL,
  `TPO_SEXO` char(1) DEFAULT NULL COMMENT 'M - MASCULINO; F - FEMININO; N - NEUTRO',
  PRIMARY KEY (`COD_PESSOA`),
  KEY `FK_PESSOA_FISICA_PESSOA_IDX` (`COD_PESSOA`),
  CONSTRAINT `FK_PESSOA_FISICA` FOREIGN KEY (`COD_PESSOA`) REFERENCES `pessoa` (`COD_PESSOA`)
) ENGINE=InnoDB AUTO_INCREMENT=16 DEFAULT CHARSET=latin1;
/*!40101 SET character_set_client = @saved_cs_client */;

--
-- Dumping data for table `pessoa_fisica`
--

LOCK TABLES `pessoa_fisica` WRITE;
/*!40000 ALTER TABLE `pessoa_fisica` DISABLE KEYS */;
INSERT INTO `pessoa_fisica` VALUES (9,'SP','1980-10-31','M'),(15,'MG','1989-11-05','M');
/*!40000 ALTER TABLE `pessoa_fisica` ENABLE KEYS */;
UNLOCK TABLES;

--
-- Table structure for table `pessoa_juridica`
--

DROP TABLE IF EXISTS `pessoa_juridica`;
/*!40101 SET @saved_cs_client     = @@character_set_client */;
/*!50503 SET character_set_client = utf8mb4 */;
CREATE TABLE `pessoa_juridica` (
  `COD_PESSOA` int NOT NULL AUTO_INCREMENT,
  `NME_RAZAO_SOCIAL` varchar(200) NOT NULL,
  `COD_CNPJ` varchar(30) DEFAULT NULL,
  PRIMARY KEY (`COD_PESSOA`),
  KEY `FK_PESSOA_JURIDICA_PESSOA_IDX` (`COD_PESSOA`),
  CONSTRAINT `FK_PESSOA_JURIDICA` FOREIGN KEY (`COD_PESSOA`) REFERENCES `pessoa` (`COD_PESSOA`)
) ENGINE=InnoDB AUTO_INCREMENT=17 DEFAULT CHARSET=latin1;
/*!40101 SET character_set_client = @saved_cs_client */;

--
-- Dumping data for table `pessoa_juridica`
--

LOCK TABLES `pessoa_juridica` WRITE;
/*!40000 ALTER TABLE `pessoa_juridica` DISABLE KEYS */;
INSERT INTO `pessoa_juridica` VALUES (13,'LAME4','0254578123/0001-37');
/*!40000 ALTER TABLE `pessoa_juridica` ENABLE KEYS */;
UNLOCK TABLES;

--
-- Table structure for table `produto`
--

DROP TABLE IF EXISTS `produto`;
/*!40101 SET @saved_cs_client     = @@character_set_client */;
/*!50503 SET character_set_client = utf8mb4 */;
CREATE TABLE `produto` (
  `COD_PRODUTO` int NOT NULL AUTO_INCREMENT,
  `NME_PRODUTO` varchar(95) DEFAULT NULL,
  `DSC_PRODUTO` varchar(255) DEFAULT NULL,
  `COD_SUBCATEGORIA` int DEFAULT NULL,
  `COD_UNIDADE_MEDIDA` int DEFAULT NULL,
  `QTD_ESTOQUE_MIN` int DEFAULT NULL,
  `QTD_ESTOQUE_MAX` int DEFAULT NULL,
  `QTD_ESTOQUE_ATUAL` int DEFAULT NULL,
  `COD_STATUS_ESTOQUE` int GENERATED ALWAYS AS ((case when (`QTD_ESTOQUE_ATUAL` between `QTD_ESTOQUE_MIN` and `QTD_ESTOQUE_MAX`) then 1 when (`QTD_ESTOQUE_ATUAL` < `QTD_ESTOQUE_MIN`) then 2 when (`QTD_ESTOQUE_ATUAL` > `QTD_ESTOQUE_MAX`) then 3 end)) VIRTUAL,
  `DSC_STATUS_ESTOQUE` varchar(30) GENERATED ALWAYS AS ((case when (`QTD_ESTOQUE_ATUAL` between `QTD_ESTOQUE_MIN` and `QTD_ESTOQUE_MAX`) then _utf8mb4'ESTOQUE OK' when (`QTD_ESTOQUE_ATUAL` < `QTD_ESTOQUE_MIN`) then _utf8mb4'ABAIXO DO MÍNIMO' when (`QTD_ESTOQUE_ATUAL` > `QTD_ESTOQUE_MAX`) then _utf8mb4'ACIMA DO MÁXIMO' end)) VIRTUAL,
  PRIMARY KEY (`COD_PRODUTO`),
  KEY `FK_PRODUTO_SUBCATEGORIA_IDX` (`COD_SUBCATEGORIA`),
  KEY `FK_PRODUTO_UNIDADE_MEDIDA_IDX` (`COD_UNIDADE_MEDIDA`),
  CONSTRAINT `FK_PRODUTO_SUBCATEGORIA` FOREIGN KEY (`COD_SUBCATEGORIA`) REFERENCES `subcategoria` (`COD_SUBCATEGORIA`),
  CONSTRAINT `FK_PRODUTO_UNIDADE_MEDIDA` FOREIGN KEY (`COD_UNIDADE_MEDIDA`) REFERENCES `unidade_medida` (`COD_UNIDADE_MEDIDA`)
) ENGINE=InnoDB AUTO_INCREMENT=216546539 DEFAULT CHARSET=latin1;
/*!40101 SET character_set_client = @saved_cs_client */;

--
-- Dumping data for table `produto`
--

LOCK TABLES `produto` WRITE;
/*!40000 ALTER TABLE `produto` DISABLE KEYS */;
INSERT INTO `produto` (`COD_PRODUTO`, `NME_PRODUTO`, `DSC_PRODUTO`, `COD_SUBCATEGORIA`, `COD_UNIDADE_MEDIDA`, `QTD_ESTOQUE_MIN`, `QTD_ESTOQUE_MAX`, `QTD_ESTOQUE_ATUAL`) VALUES (216546521,'Carrinho de controle remoto Hotweels SJ23','Hotwells',1,1,5,40,-9),(216546522,'Boneca Barbie','Boneca Barbie Princesas edição especial KIS34',2,2,5,10,5),(216546523,'Caixa de Som Sem fio','Caixa de som Sem fio JBL q10',3,2,2,10,5),(216546524,'Caneta BIC','Caneta BIC preta ',15,2,20,50,5),(216546525,'Case com anel Moto G','Case com Anel Moto G Preto',4,2,2,5,5),(216546526,'Case com anel Moto G','Case com Anel Moto G Amarelo',4,2,2,5,5),(216546527,'Case com anel Moto G','Case com Anel Moto G Verde',4,2,2,5,5),(216546528,'Caderno 20 matérias','Caderno espiral capa dura Jandaia',12,2,2,10,5),(216546529,'Caderno 20 matérias','Caderno espiral capa dura Tilibra',12,2,2,10,5),(216546530,'Tenis Nike','Tenis Nike JJDASIUN2',9,2,2,10,5),(216546532,'Carrinho de controle remoto Hotweels SJ23','Hotwells',1,1,2,5,5),(216546533,'Carrinho de controle remoto Hotweels SJ23','Hotwells',1,1,2,5,5),(216546534,'Carrinho de controle remoto Hotweels SJ23','Hotwells',1,1,2,5,5);
/*!40000 ALTER TABLE `produto` ENABLE KEYS */;
UNLOCK TABLES;

--
-- Table structure for table `subcategoria`
--

DROP TABLE IF EXISTS `subcategoria`;
/*!40101 SET @saved_cs_client     = @@character_set_client */;
/*!50503 SET character_set_client = utf8mb4 */;
CREATE TABLE `subcategoria` (
  `COD_SUBCATEGORIA` int NOT NULL AUTO_INCREMENT,
  `NME_SUBCATEGORIA` varchar(95) DEFAULT NULL,
  `COD_CATEGORIA` int DEFAULT NULL,
  PRIMARY KEY (`COD_SUBCATEGORIA`),
  KEY `FK_SUBCATEGORIA_CATEGORA_IDX` (`COD_CATEGORIA`),
  CONSTRAINT `FK_SUBCATEGORIA_CATEGORA` FOREIGN KEY (`COD_CATEGORIA`) REFERENCES `categoria` (`COD_CATEGORIA`)
) ENGINE=InnoDB AUTO_INCREMENT=26 DEFAULT CHARSET=latin1;
/*!40101 SET character_set_client = @saved_cs_client */;

--
-- Dumping data for table `subcategoria`
--

LOCK TABLES `subcategoria` WRITE;
/*!40000 ALTER TABLE `subcategoria` DISABLE KEYS */;
INSERT INTO `subcategoria` VALUES (1,'Carinhoss',1),(2,'Boneca',1),(3,'Receptor wifi',3),(4,'Case para celular',2),(5,'Case para notebook',2),(6,'Mouse',3),(7,'Teclado',3),(8,'Receptor Wireless',3),(9,'TENIS',NULL),(10,'TENIS',NULL),(11,'TENIS',NULL),(12,'CADERNO',3),(13,'Régua',5),(14,'Lápis',5),(15,'Caneta',5),(16,'Estojo',5),(17,'Guarda-chuva',8),(18,'Fralda',7),(19,'Mamadeira',7),(20,'Suporte Notebook',6),(21,'Grampeador',6),(23,'TENIS',NULL),(25,'Smartphone',3);
/*!40000 ALTER TABLE `subcategoria` ENABLE KEYS */;
UNLOCK TABLES;

--
-- Table structure for table `tipo_pagamento`
--

DROP TABLE IF EXISTS `tipo_pagamento`;
/*!40101 SET @saved_cs_client     = @@character_set_client */;
/*!50503 SET character_set_client = utf8mb4 */;
CREATE TABLE `tipo_pagamento` (
  `COD_TIPO_PAGAMENTO` int NOT NULL AUTO_INCREMENT,
  `NME_TIPO_PAGAMENTO` varchar(90) DEFAULT NULL,
  PRIMARY KEY (`COD_TIPO_PAGAMENTO`)
) ENGINE=InnoDB AUTO_INCREMENT=8 DEFAULT CHARSET=latin1;
/*!40101 SET character_set_client = @saved_cs_client */;

--
-- Dumping data for table `tipo_pagamento`
--

LOCK TABLES `tipo_pagamento` WRITE;
/*!40000 ALTER TABLE `tipo_pagamento` DISABLE KEYS */;
INSERT INTO `tipo_pagamento` VALUES (1,'Dinheiro'),(2,'Débito'),(3,'Crédito'),(4,'PIX'),(6,'Btc');
/*!40000 ALTER TABLE `tipo_pagamento` ENABLE KEYS */;
UNLOCK TABLES;

--
-- Table structure for table `unidade_medida`
--

DROP TABLE IF EXISTS `unidade_medida`;
/*!40101 SET @saved_cs_client     = @@character_set_client */;
/*!50503 SET character_set_client = utf8mb4 */;
CREATE TABLE `unidade_medida` (
  `COD_UNIDADE_MEDIDA` int NOT NULL AUTO_INCREMENT,
  `NME_UNIDADE_MEDIDA` varchar(100) DEFAULT NULL,
  `SGL_UNIDADE_MEDIDA` varchar(50) DEFAULT NULL,
  PRIMARY KEY (`COD_UNIDADE_MEDIDA`)
) ENGINE=InnoDB AUTO_INCREMENT=9 DEFAULT CHARSET=latin1;
/*!40101 SET character_set_client = @saved_cs_client */;

--
-- Dumping data for table `unidade_medida`
--

LOCK TABLES `unidade_medida` WRITE;
/*!40000 ALTER TABLE `unidade_medida` DISABLE KEYS */;
INSERT INTO `unidade_medida` VALUES (1,'Peça','Pc'),(2,'Unidade','Un'),(3,'Quilograma','Kg'),(4,'Caixa','Cx'),(5,'Grama de Onça','Oz'),(6,'Litro','l'),(8,'Copo','cp');
/*!40000 ALTER TABLE `unidade_medida` ENABLE KEYS */;
UNLOCK TABLES;

--
-- Table structure for table `usuario`
--

DROP TABLE IF EXISTS `usuario`;
/*!40101 SET @saved_cs_client     = @@character_set_client */;
/*!50503 SET character_set_client = utf8mb4 */;
CREATE TABLE `usuario` (
  `COD_USUARIO` int NOT NULL AUTO_INCREMENT,
  `DSC_LOGIN` varchar(20) DEFAULT NULL,
  `DSC_SENHA` varchar(128) DEFAULT NULL,
  `FLG_ATIVO` tinyint DEFAULT NULL,
  `COD_PESSOA` int DEFAULT NULL,
  `DSC_COMPLEMENTO_SENHA` varchar(40) DEFAULT NULL,
  PRIMARY KEY (`COD_USUARIO`),
  UNIQUE KEY `DSC_LOGIN_UNIQUE` (`DSC_LOGIN`),
  KEY `FK_USUARIO_PESSOA` (`COD_PESSOA`),
  CONSTRAINT `FK_USUARIO_PESSOA` FOREIGN KEY (`COD_PESSOA`) REFERENCES `pessoa` (`COD_PESSOA`)
) ENGINE=InnoDB AUTO_INCREMENT=24 DEFAULT CHARSET=latin1;
/*!40101 SET character_set_client = @saved_cs_client */;

--
-- Dumping data for table `usuario`
--

LOCK TABLES `usuario` WRITE;
/*!40000 ALTER TABLE `usuario` DISABLE KEYS */;
INSERT INTO `usuario` VALUES (6,'string','$2a$10$fGU1HL8dGRdzV2fbHUNLn.3NfgTyGfoq7OHrZqjnhBvp9dAJyybxe',1,NULL,NULL),(9,'TESTE CAD','$2a$10$q3XRJNoPbRTCE/eigWdy2u3vnhLmJlg.O/PUW2iD0ape4GBh9AjK.',1,NULL,NULL),(10,'Leandro W','$2a$10$QP3vPpIbyOT30.QDV3t.oOLrEkKcZRxFwt4QAaHSJzRdn7e4za0eS',1,NULL,NULL),(17,'AlencarT','$2a$10$ywmZPSjx/rSDc0C71xAOO.MQpfwzHyraxQKNl9gTg4pBKqFuOsLdC',1,NULL,NULL),(20,'celsop','$2a$10$OXQuqvDUnuC7kngSOfyNv.ilU0a3FfquJs6IFAti6LZj3L/AKBDBC',1,15,NULL),(23,'mteste','$2a$10$QSgymv7Chf75RZ9DecqN4.2C/JwsHiWR6QketsKXzUjClkAjvbAJW',1,20,'1652041405929');
/*!40000 ALTER TABLE `usuario` ENABLE KEYS */;
UNLOCK TABLES;

--
-- Temporary view structure for view `vw_apuracao_faturamento_detalhado`
--

DROP TABLE IF EXISTS `vw_apuracao_faturamento_detalhado`;
/*!50001 DROP VIEW IF EXISTS `vw_apuracao_faturamento_detalhado`*/;
SET @saved_cs_client     = @@character_set_client;
/*!50503 SET character_set_client = utf8mb4 */;
/*!50001 CREATE VIEW `vw_apuracao_faturamento_detalhado` AS SELECT 
 1 AS `COD_PRODUTO`,
 1 AS `NME_PRODUTO`,
 1 AS `QTD_ITEM`,
 1 AS `VLR_PRECO_MEDIO`,
 1 AS `DTA_OPERACAO`,
 1 AS `TPO_OPERACAO`,
 1 AS `QTD_ESTOQUE_MIN`,
 1 AS `QTD_ESTOQUE_MAX`*/;
SET character_set_client = @saved_cs_client;

--
-- Temporary view structure for view `vw_apuracao_faturamento_sumarizado`
--

DROP TABLE IF EXISTS `vw_apuracao_faturamento_sumarizado`;
/*!50001 DROP VIEW IF EXISTS `vw_apuracao_faturamento_sumarizado`*/;
SET @saved_cs_client     = @@character_set_client;
/*!50503 SET character_set_client = utf8mb4 */;
/*!50001 CREATE VIEW `vw_apuracao_faturamento_sumarizado` AS SELECT 
 1 AS `COD_PRODUTO`,
 1 AS `VLR_CUSTO_VENDA`,
 1 AS `VLR_FATURADO`,
 1 AS `VLR_LIQUIDO`,
 1 AS `QTD_ITEM_ESTOQUE_ENTRADA`,
 1 AS `QTD_ITEM_ESTOQUE_SAIDA`,
 1 AS `VLR_PCT_ESTOQUE_UTILIZADO`,
 1 AS `DTA_OPERACAO`*/;
SET character_set_client = @saved_cs_client;

--
-- Temporary view structure for view `vw_produto`
--

DROP TABLE IF EXISTS `vw_produto`;
/*!50001 DROP VIEW IF EXISTS `vw_produto`*/;
SET @saved_cs_client     = @@character_set_client;
/*!50503 SET character_set_client = utf8mb4 */;
/*!50001 CREATE VIEW `vw_produto` AS SELECT 
 1 AS `COD_PRODUTO`,
 1 AS `NME_PRODUTO`,
 1 AS `DSC_PRODUTO`,
 1 AS `COD_SUBCATEGORIA`,
 1 AS `NME_SUBCATEGORIA`,
 1 AS `COD_CATEGORIA`,
 1 AS `NME_CATEGORIA`,
 1 AS `COD_UNIDADE_MEDIDA`,
 1 AS `NME_UNIDADE_MEDIDA`,
 1 AS `SGL_UNIDADE_MEDIDA`*/;
SET character_set_client = @saved_cs_client;

--
-- Temporary view structure for view `vw_subcategoria`
--

DROP TABLE IF EXISTS `vw_subcategoria`;
/*!50001 DROP VIEW IF EXISTS `vw_subcategoria`*/;
SET @saved_cs_client     = @@character_set_client;
/*!50503 SET character_set_client = utf8mb4 */;
/*!50001 CREATE VIEW `vw_subcategoria` AS SELECT 
 1 AS `COD_CATEGORIA`,
 1 AS `NME_CATEGORIA`,
 1 AS `COD_SUBCATEGORIA`,
 1 AS `NME_SUBCATEGORIA`*/;
SET character_set_client = @saved_cs_client;

--
-- Final view structure for view `vw_apuracao_faturamento_detalhado`
--

/*!50001 DROP VIEW IF EXISTS `vw_apuracao_faturamento_detalhado`*/;
/*!50001 SET @saved_cs_client          = @@character_set_client */;
/*!50001 SET @saved_cs_results         = @@character_set_results */;
/*!50001 SET @saved_col_connection     = @@collation_connection */;
/*!50001 SET character_set_client      = utf8mb4 */;
/*!50001 SET character_set_results     = utf8mb4 */;
/*!50001 SET collation_connection      = utf8mb4_0900_ai_ci */;
/*!50001 CREATE ALGORITHM=UNDEFINED */
/*!50013 DEFINER=`root`@`localhost` SQL SECURITY DEFINER */
/*!50001 VIEW `vw_apuracao_faturamento_detalhado` AS select `pr`.`COD_PRODUTO` AS `COD_PRODUTO`,`pr`.`NME_PRODUTO` AS `NME_PRODUTO`,sum(`itop`.`QTD_ITEM`) AS `QTD_ITEM`,avg(`itop`.`VLR_ITEM`) AS `VLR_PRECO_MEDIO`,`op`.`DTA_OPERACAO` AS `DTA_OPERACAO`,`op`.`TPO_OPERACAO` AS `TPO_OPERACAO`,`pr`.`QTD_ESTOQUE_MIN` AS `QTD_ESTOQUE_MIN`,`pr`.`QTD_ESTOQUE_MAX` AS `QTD_ESTOQUE_MAX` from ((`operacao` `op` join `item_operacao` `itop` on((`op`.`COD_OPERACAO` = `itop`.`COD_OPERACAO`))) join `produto` `pr` on((`pr`.`COD_PRODUTO` = `itop`.`COD_PRODUTO`))) group by `pr`.`COD_PRODUTO`,`pr`.`NME_PRODUTO`,`op`.`DTA_OPERACAO`,`op`.`TPO_OPERACAO` */;
/*!50001 SET character_set_client      = @saved_cs_client */;
/*!50001 SET character_set_results     = @saved_cs_results */;
/*!50001 SET collation_connection      = @saved_col_connection */;

--
-- Final view structure for view `vw_apuracao_faturamento_sumarizado`
--

/*!50001 DROP VIEW IF EXISTS `vw_apuracao_faturamento_sumarizado`*/;
/*!50001 SET @saved_cs_client          = @@character_set_client */;
/*!50001 SET @saved_cs_results         = @@character_set_results */;
/*!50001 SET @saved_col_connection     = @@collation_connection */;
/*!50001 SET character_set_client      = utf8mb4 */;
/*!50001 SET character_set_results     = utf8mb4 */;
/*!50001 SET collation_connection      = utf8mb4_0900_ai_ci */;
/*!50001 CREATE ALGORITHM=UNDEFINED */
/*!50013 DEFINER=`root`@`localhost` SQL SECURITY DEFINER */
/*!50001 VIEW `vw_apuracao_faturamento_sumarizado` AS select `a`.`COD_PRODUTO` AS `COD_PRODUTO`,(`b`.`QTD_ITEM` * `a`.`VLR_PRECO_MEDIO`) AS `VLR_CUSTO_VENDA`,(`b`.`QTD_ITEM` * `b`.`VLR_PRECO_MEDIO`) AS `VLR_FATURADO`,((`b`.`QTD_ITEM` * `b`.`VLR_PRECO_MEDIO`) - (`b`.`QTD_ITEM` * `a`.`VLR_PRECO_MEDIO`)) AS `VLR_LIQUIDO`,`a`.`QTD_ITEM` AS `QTD_ITEM_ESTOQUE_ENTRADA`,`b`.`QTD_ITEM` AS `QTD_ITEM_ESTOQUE_SAIDA`,round(((`b`.`QTD_ITEM` / `a`.`QTD_ITEM`) * 100),2) AS `VLR_PCT_ESTOQUE_UTILIZADO`,`b`.`DTA_OPERACAO` AS `DTA_OPERACAO` from ((select `vw_apuracao_faturamento_detalhado`.`QTD_ITEM` AS `QTD_ITEM`,`vw_apuracao_faturamento_detalhado`.`VLR_PRECO_MEDIO` AS `VLR_PRECO_MEDIO`,`vw_apuracao_faturamento_detalhado`.`COD_PRODUTO` AS `COD_PRODUTO`,cast(`vw_apuracao_faturamento_detalhado`.`DTA_OPERACAO` as date) AS `DTA_OPERACAO` from `vw_apuracao_faturamento_detalhado` where (`vw_apuracao_faturamento_detalhado`.`TPO_OPERACAO` = 'C')) `a` join (select `vw_apuracao_faturamento_detalhado`.`QTD_ITEM` AS `QTD_ITEM`,`vw_apuracao_faturamento_detalhado`.`VLR_PRECO_MEDIO` AS `VLR_PRECO_MEDIO`,`vw_apuracao_faturamento_detalhado`.`COD_PRODUTO` AS `COD_PRODUTO`,cast(`vw_apuracao_faturamento_detalhado`.`DTA_OPERACAO` as date) AS `DTA_OPERACAO`,`vw_apuracao_faturamento_detalhado`.`QTD_ESTOQUE_MIN` AS `QTD_ESTOQUE_MIN`,`vw_apuracao_faturamento_detalhado`.`QTD_ESTOQUE_MAX` AS `QTD_ESTOQUE_MAX` from `vw_apuracao_faturamento_detalhado` where (`vw_apuracao_faturamento_detalhado`.`TPO_OPERACAO` = 'V')) `b` on((`a`.`COD_PRODUTO` = `b`.`COD_PRODUTO`))) */;
/*!50001 SET character_set_client      = @saved_cs_client */;
/*!50001 SET character_set_results     = @saved_cs_results */;
/*!50001 SET collation_connection      = @saved_col_connection */;

--
-- Final view structure for view `vw_produto`
--

/*!50001 DROP VIEW IF EXISTS `vw_produto`*/;
/*!50001 SET @saved_cs_client          = @@character_set_client */;
/*!50001 SET @saved_cs_results         = @@character_set_results */;
/*!50001 SET @saved_col_connection     = @@collation_connection */;
/*!50001 SET character_set_client      = utf8mb4 */;
/*!50001 SET character_set_results     = utf8mb4 */;
/*!50001 SET collation_connection      = utf8mb4_0900_ai_ci */;
/*!50001 CREATE ALGORITHM=UNDEFINED */
/*!50013 DEFINER=`root`@`localhost` SQL SECURITY DEFINER */
/*!50001 VIEW `vw_produto` AS select `pr`.`COD_PRODUTO` AS `COD_PRODUTO`,`pr`.`NME_PRODUTO` AS `NME_PRODUTO`,`pr`.`DSC_PRODUTO` AS `DSC_PRODUTO`,`sc`.`COD_SUBCATEGORIA` AS `COD_SUBCATEGORIA`,`sc`.`NME_SUBCATEGORIA` AS `NME_SUBCATEGORIA`,`ct`.`COD_CATEGORIA` AS `COD_CATEGORIA`,`ct`.`NME_CATEGORIA` AS `NME_CATEGORIA`,`um`.`COD_UNIDADE_MEDIDA` AS `COD_UNIDADE_MEDIDA`,`um`.`NME_UNIDADE_MEDIDA` AS `NME_UNIDADE_MEDIDA`,`um`.`SGL_UNIDADE_MEDIDA` AS `SGL_UNIDADE_MEDIDA` from (((`produto` `pr` join `subcategoria` `sc` on((`pr`.`COD_SUBCATEGORIA` = `sc`.`COD_SUBCATEGORIA`))) join `categoria` `ct` on((`ct`.`COD_CATEGORIA` = `sc`.`COD_CATEGORIA`))) join `unidade_medida` `um` on((`um`.`COD_UNIDADE_MEDIDA` = `pr`.`COD_UNIDADE_MEDIDA`))) */;
/*!50001 SET character_set_client      = @saved_cs_client */;
/*!50001 SET character_set_results     = @saved_cs_results */;
/*!50001 SET collation_connection      = @saved_col_connection */;

--
-- Final view structure for view `vw_subcategoria`
--

/*!50001 DROP VIEW IF EXISTS `vw_subcategoria`*/;
/*!50001 SET @saved_cs_client          = @@character_set_client */;
/*!50001 SET @saved_cs_results         = @@character_set_results */;
/*!50001 SET @saved_col_connection     = @@collation_connection */;
/*!50001 SET character_set_client      = utf8mb4 */;
/*!50001 SET character_set_results     = utf8mb4 */;
/*!50001 SET collation_connection      = utf8mb4_0900_ai_ci */;
/*!50001 CREATE ALGORITHM=UNDEFINED */
/*!50013 DEFINER=`root`@`localhost` SQL SECURITY DEFINER */
/*!50001 VIEW `vw_subcategoria` AS select `ct`.`COD_CATEGORIA` AS `COD_CATEGORIA`,`ct`.`NME_CATEGORIA` AS `NME_CATEGORIA`,`sc`.`COD_SUBCATEGORIA` AS `COD_SUBCATEGORIA`,`sc`.`NME_SUBCATEGORIA` AS `NME_SUBCATEGORIA` from (`categoria` `ct` join `subcategoria` `sc` on((`sc`.`COD_CATEGORIA` = `ct`.`COD_CATEGORIA`))) */;
/*!50001 SET character_set_client      = @saved_cs_client */;
/*!50001 SET character_set_results     = @saved_cs_results */;
/*!50001 SET collation_connection      = @saved_col_connection */;
/*!40103 SET TIME_ZONE=@OLD_TIME_ZONE */;

/*!40101 SET SQL_MODE=@OLD_SQL_MODE */;
/*!40014 SET FOREIGN_KEY_CHECKS=@OLD_FOREIGN_KEY_CHECKS */;
/*!40014 SET UNIQUE_CHECKS=@OLD_UNIQUE_CHECKS */;
/*!40101 SET CHARACTER_SET_CLIENT=@OLD_CHARACTER_SET_CLIENT */;
/*!40101 SET CHARACTER_SET_RESULTS=@OLD_CHARACTER_SET_RESULTS */;
/*!40101 SET COLLATION_CONNECTION=@OLD_COLLATION_CONNECTION */;
/*!40111 SET SQL_NOTES=@OLD_SQL_NOTES */;

-- Dump completed on 2022-05-21 21:18:06
